ticket_id,agent_id,agent_name,team_id,ticket_opened_at,ticket_closed_at,handle_time_seconds,closure_reason_code,closure_reason_group,channel,issue_category,resolution_status,transfer_count,is_escalation
TKT0000001,AGT021,Agent_021,TEAM2,2025-12-10T18:17:00,2025-12-10T18:26:31,571,RES_CUST_VERIFIED,Resolved - Customer Confirmed,phone,Connectivity,transferred,1,False
TKT0000002,AGT005,Agent_005,TEAM2,2026-05-26T18:57:00,2026-05-26T19:03:06,366,RES_CUST_VERIFIED,Resolved - Customer Confirmed,app,Billing,resolved,0,False
TKT0000003,AGT002,Agent_002,TEAM3,2025-12-27T10:14:00,2025-12-27T10:19:42,342,RES_CONF,Resolved - Customer Confirmed,phone,Remote Services,resolved,0,False
TKT0000004,AGT007,Agent_007,TEAM4,2026-06-01T15:26:00,2026-06-01T15:31:42,342,DUPLICATE,Administrative,phone,Billing,transferred,1,False
TKT0000005,AGT019,Agent_019,TEAM4,2025-12-05T19:51:00,2025-12-05T20:11:18,1218,SOLVED_SILENT,Resolved - No Follow-Up,chat,Emergency Services,resolved,0,False
TKT0000006,AGT009,Agent_009,TEAM2,2026-01-28T19:21:00,2026-01-28T19:32:30,690,SOLVED_FIRST,Resolved - Customer Confirmed,phone,Navigation,transferred,2,False
TKT0000007,AGT013,Agent_013,TEAM2,2026-03-05T20:22:00,2026-03-05T20:26:50,290,RES_CUST_VERIFIED,Resolved - Customer Confirmed,phone,Diagnostics,resolved,0,False
TKT0000008,AGT015,Agent_015,TEAM4,2026-01-04T21:24:00,2026-01-04T21:33:49,589,TRANSFERRED_DEPT,Transferred,phone,Diagnostics,resolved,0,False
TKT0000009,AGT020,Agent_020,TEAM1,2026-04-30T10:45:00,2026-04-30T10:52:57,477,CLOSED_AUTO,Resolved - No Follow-Up,phone,Emergency Services,resolved,0,False
TKT0000010,AGT003,Agent_003,TEAM4,2025-12-29T13:17:00,2025-12-29T13:18:45,105,RES_NO_FU,Resolved - No Follow-Up,phone,Connectivity,resolved,0,False
TKT0000011,AGT012,Agent_012,TEAM1,2026-01-26T17:17:00,2026-01-26T17:20:18,198,CLOSED_AUTO,Resolved - No Follow-Up,phone,Remote Services,resolved,0,False
TKT0000012,AGT021,Agent_021,TEAM2,2026-04-19T18:15:00,2026-04-19T18:23:22,502,SOLVED_FIRST,Resolved - Customer Confirmed,chat,Emergency Services,resolved,0,False
TKT0000013,AGT030,Agent_030,TEAM3,2026-05-28T12:53:00,2026-05-28T13:11:45,1125,SOLVED_SILENT,Resolved - No Follow-Up,phone,Connectivity,escalated,0,True
TKT0000014,AGT027,Agent_027,TEAM4,2026-03-16T11:04:00,2026-03-16T11:09:44,344,CLOSED_AUTO,Resolved - No Follow-Up,app,Diagnostics,resolved,0,False
TKT0000015,AGT011,Agent_011,TEAM4,2026-05-20T14:25:00,2026-05-20T14:29:35,275,RES_NO_FU,Resolved - No Follow-Up,chat,Connectivity,unresolved,0,False
TKT0000016,AGT009,Agent_009,TEAM2,2026-02-05T18:35:00,2026-02-05T18:42:16,436,SOLVED_FIRST,Resolved - Customer Confirmed,app,Billing,resolved,0,False
TKT0000017,AGT029,Agent_029,TEAM2,2026-01-29T09:32:00,2026-01-29T09:36:24,264,CLOSED_AUTO,Resolved - No Follow-Up,phone,Navigation,resolved,0,False
TKT0000018,AGT005,Agent_005,TEAM2,2026-01-13T19:43:00,2026-01-13T19:48:28,328,DUPLICATE,Administrative,phone,Billing,resolved,0,False
TKT0000019,AGT013,Agent_013,TEAM2,2026-04-02T15:16:00,2026-04-02T15:22:39,399,TRANSFERRED_EXT,Transferred,phone,Diagnostics,abandoned,0,False
TKT0000020,AGT024,Agent_024,TEAM1,2026-05-27T21:34:00,2026-05-27T21:37:12,192,RES_CUST_VERIFIED,Resolved - Customer Confirmed,phone,Diagnostics,transferred,2,False
TKT0000021,AGT011,Agent_011,TEAM4,2026-02-17T13:10:00,2026-02-17T13:21:57,717,RES_CUST_VERIFIED,Resolved - Customer Confirmed,phone,Remote Services,resolved,0,False
TKT0000022,AGT025,Agent_025,TEAM2,2026-05-13T11:53:00,2026-05-13T11:55:51,171,RES_NO_FU,Resolved - No Follow-Up,app,Connectivity,resolved,0,False
TKT0000023,AGT005,Agent_005,TEAM2,2026-01-14T15:49:00,2026-01-14T15:51:39,159,CLOSED_AUTO,Resolved - No Follow-Up,app,Navigation,transferred,2,False
TKT0000024,AGT020,Agent_020,TEAM1,2026-04-08T07:07:00,2026-04-08T07:14:43,463,CLOSED_AUTO,Resolved - No Follow-Up,phone,Emergency Services,transferred,1,False
TKT0000025,AGT008,Agent_008,TEAM1,2026-02-03T21:36:00,2026-02-03T21:47:16,676,RES_CONF,Resolved - Customer Confirmed,phone,Diagnostics,unresolved,0,False
TKT0000026,AGT016,Agent_016,TEAM1,2026-04-19T19:08:00,2026-04-19T19:15:34,454,RES_CUST_VERIFIED,Resolved - Customer Confirmed,chat,Remote Services,resolved,0,False
TKT0000027,AGT006,Agent_006,TEAM3,2026-04-18T20:38:00,2026-04-18T20:44:12,372,SOLVED_SILENT,Resolved - No Follow-Up,phone,Remote Services,resolved,0,False
TKT0000028,AGT025,Agent_025,TEAM2,2026-02-21T13:42:00,2026-02-21T13:47:26,326,RES_NO_FU,Resolved - No Follow-Up,chat,Remote Services,resolved,0,False
TKT0000029,AGT015,Agent_015,TEAM4,2026-02-05T10:04:00,2026-02-05T10:08:52,292,RES_CUST_VERIFIED,Resolved - Customer Confirmed,app,Remote Services,resolved,0,False
TKT0000030,AGT008,Agent_008,TEAM1,2026-01-29T07:04:00,2026-01-29T07:18:05,845,TRANSFERRED_EXT,Transferred,phone,Connectivity,resolved,0,False
TKT0000031,AGT003,Agent_003,TEAM4,2026-02-26T08:32:00,2026-02-26T08:40:26,506,RES_CONF,Resolved - Customer Confirmed,chat,Connectivity,resolved,0,False
TKT0000032,AGT018,Agent_018,TEAM3,2026-04-29T16:30:00,2026-04-29T16:35:08,308,SOLVED_FIRST,Resolved - Customer Confirmed,phone,Billing,transferred,3,False
TKT0000033,AGT026,Agent_026,TEAM3,2025-12-28T17:27:00,2025-12-28T17:31:11,251,RES_NO_FU,Resolved - No Follow-Up,chat,Billing,resolved,0,False
TKT0000034,AGT028,Agent_028,TEAM1,2026-05-20T17:06:00,2026-05-20T17:16:19,619,DUPLICATE,Administrative,phone,Billing,transferred,1,False
TKT0000035,AGT024,Agent_024,TEAM1,2025-12-31T10:12:00,2025-12-31T10:25:50,830,CLOSED_AUTO,Resolved - No Follow-Up,phone,Remote Services,transferred,1,False
TKT0000036,AGT015,Agent_015,TEAM4,2026-03-22T09:17:00,2026-03-22T09:29:54,774,SOLVED_FIRST,Resolved - Customer Confirmed,phone,Billing,resolved,0,False
TKT0000037,AGT026,Agent_026,TEAM3,2025-12-29T07:41:00,2025-12-29T07:44:44,224,TRANSFERRED_DEPT,Transferred,app,Navigation,transferred,1,False
TKT0000038,AGT003,Agent_003,TEAM4,2026-01-15T13:31:00,2026-01-15T13:36:24,324,RES_NO_FU,Resolved - No Follow-Up,chat,Navigation,resolved,0,False
TKT0000039,AGT006,Agent_006,TEAM3,2025-12-04T13:16:00,2025-12-04T13:20:48,288,ESCALATED_T2,Escalated,chat,Emergency Services,unresolved,0,False
TKT0000040,AGT014,Agent_014,TEAM3,2026-05-22T18:31:00,2026-05-22T18:36:54,354,TRANSFERRED_DEPT,Transferred,phone,Connectivity,resolved,0,False
TKT0000041,AGT002,Agent_002,TEAM3,2026-04-21T07:47:00,2026-04-21T07:58:52,712,TRANSFERRED_EXT,Transferred,phone,Navigation,transferred,1,False
TKT0000042,AGT002,Agent_002,TEAM3,2026-04-05T15:58:00,2026-04-05T16:15:22,1042,TRANSFERRED_EXT,Transferred,phone,Navigation,escalated,0,True
TKT0000043,AGT017,Agent_017,TEAM2,2026-01-20T08:38:00,2026-01-20T08:46:39,519,RES_CUST_VERIFIED,Resolved - Customer Confirmed,phone,Diagnostics,transferred,1,False
TKT0000044,AGT028,Agent_028,TEAM1,2026-04-28T10:37:00,2026-04-28T10:41:16,256,RES_NO_FU,Resolved - No Follow-Up,app,Navigation,resolved,0,False
TKT0000045,AGT014,Agent_014,TEAM3,2026-05-02T16:33:00,2026-05-02T16:39:33,393,DUPLICATE,Administrative,phone,Connectivity,resolved,0,False
TKT0000046,AGT022,Agent_022,TEAM3,2026-02-03T11:25:00,2026-02-03T11:45:06,1206,CLOSED_AUTO,Resolved - No Follow-Up,phone,Billing,resolved,0,False
TKT0000047,AGT011,Agent_011,TEAM4,2025-12-06T14:39:00,2025-12-06T14:46:08,428,RES_CUST_VERIFIED,Resolved - Customer Confirmed,phone,Navigation,abandoned,0,False
TKT0000048,AGT018,Agent_018,TEAM3,2026-04-12T11:08:00,2026-04-12T11:13:27,327,RES_NO_FU,Resolved - No Follow-Up,phone,Connectivity,unresolved,0,False
TKT0000049,AGT012,Agent_012,TEAM1,2026-01-13T14:53:00,2026-01-13T14:58:45,345,SOLVED_SILENT,Resolved - No Follow-Up,phone,Remote Services,resolved,0,False
TKT0000050,AGT026,Agent_026,TEAM3,2026-05-23T20:35:00,2026-05-23T20:43:38,518,RES_NO_FU,Resolved - No Follow-Up,phone,Diagnostics,transferred,1,False
TKT0000051,AGT004,Agent_004,TEAM1,2026-02-09T08:56:00,2026-02-09T08:59:49,229,SOLVED_FIRST,Resolved - Customer Confirmed,phone,Diagnostics,transferred,2,False
TKT0000052,AGT018,Agent_018,TEAM3,2026-02-11T11:38:00,2026-02-11T11:42:43,283,SOLVED_FIRST,Resolved - Customer Confirmed,phone,Diagnostics,transferred,1,False
TKT0000053,AGT011,Agent_011,TEAM4,2026-05-28T17:54:00,2026-05-28T18:06:45,765,RES_NO_FU,Resolved - No Follow-Up,phone,Remote Services,transferred,1,False
TKT0000054,AGT016,Agent_016,TEAM1,2025-12-17T08:40:00,2025-12-17T08:48:27,507,SOLVED_SILENT,Resolved - No Follow-Up,phone,Navigation,resolved,0,False
TKT0000055,AGT001,Agent_001,TEAM2,2026-01-06T17:16:00,2026-01-06T17:23:11,431,CLOSED_AUTO,Resolved - No Follow-Up,phone,Diagnostics,transferred,1,False
TKT0000056,AGT015,Agent_015,TEAM4,2026-06-02T13:35:00,2026-06-02T13:48:14,794,TRANSFERRED_DEPT,Transferred,phone,Navigation,transferred,1,False
TKT0000057,AGT003,Agent_003,TEAM4,2026-04-22T07:53:00,2026-04-22T07:57:06,246,SOLVED_FIRST,Resolved - Customer Confirmed,app,Connectivity,resolved,0,False
TKT0000058,AGT014,Agent_014,TEAM3,2025-12-14T11:23:00,2025-12-14T11:28:20,320,SOLVED_FIRST,Resolved - Customer Confirmed,phone,Emergency Services,unresolved,0,False
TKT0000059,AGT007,Agent_007,TEAM4,2026-02-05T17:06:00,2026-02-05T17:14:16,496,DUPLICATE,Administrative,app,Billing,resolved,0,False
TKT0000060,AGT020,Agent_020,TEAM1,2026-02-02T20:10:00,2026-02-02T20:18:04,484,SOLVED_FIRST,Resolved - Customer Confirmed,phone,Billing,abandoned,0,False
TKT0000061,AGT001,Agent_001,TEAM2,2026-02-27T19:59:00,2026-02-27T20:01:29,149,SOLVED_FIRST,Resolved - Customer Confirmed,phone,Emergency Services,resolved,0,False
TKT0000062,AGT006,Agent_006,TEAM3,2026-03-11T20:02:00,2026-03-11T20:07:00,300,RES_CUST_VERIFIED,Resolved - Customer Confirmed,phone,Connectivity,escalated,0,True
TKT0000063,AGT027,Agent_027,TEAM4,2026-02-20T20:50:00,2026-02-20T20:56:00,360,CLOSED_AUTO,Resolved - No Follow-Up,phone,Navigation,unresolved,0,False
TKT0000064,AGT022,Agent_022,TEAM3,2026-03-16T12:17:00,2026-03-16T12:25:55,535,RES_NO_FU,Resolved - No Follow-Up,phone,Emergency Services,transferred,1,False
TKT0000065,AGT012,Agent_012,TEAM1,2026-04-13T13:43:00,2026-04-13T13:51:03,483,DUPLICATE,Administrative,app,Emergency Services,transferred,2,False
TKT0000066,AGT001,Agent_001,TEAM2,2026-02-08T09:37:00,2026-02-08T09:43:22,382,RES_CUST_VERIFIED,Resolved - Customer Confirmed,phone,Navigation,abandoned,0,False
TKT0000067,AGT004,Agent_004,TEAM1,2026-03-25T12:46:00,2026-03-25T12:47:45,105,TRANSFERRED_EXT,Transferred,chat,Remote Services,escalated,0,True
TKT0000068,AGT017,Agent_017,TEAM2,2026-03-12T21:36:00,2026-03-12T21:42:36,396,RES_CUST_VERIFIED,Resolved - Customer Confirmed,phone,Diagnostics,resolved,0,False
TKT0000069,AGT014,Agent_014,TEAM3,2026-04-16T21:51:00,2026-04-16T21:58:00,420,RES_CONF,Resolved - Customer Confirmed,phone,Emergency Services,resolved,0,False
TKT0000070,AGT014,Agent_014,TEAM3,2026-05-23T21:21:00,2026-05-23T21:58:42,2262,RES_CUST_VERIFIED,Resolved - Customer Confirmed,phone,Diagnostics,resolved,0,False
TKT0000071,AGT029,Agent_029,TEAM2,2026-05-23T13:20:00,2026-05-23T13:25:52,352,CLOSED_AUTO,Resolved - No Follow-Up,phone,Remote Services,resolved,0,False
TKT0000072,AGT005,Agent_005,TEAM2,2026-03-21T17:24:00,2026-03-21T17:32:18,498,RES_NO_FU,Resolved - No Follow-Up,phone,Remote Services,resolved,0,False
TKT0000073,AGT019,Agent_019,TEAM4,2026-03-17T15:53:00,2026-03-17T16:07:57,897,SOLVED_SILENT,Resolved - No Follow-Up,phone,Connectivity,resolved,0,False
TKT0000074,AGT014,Agent_014,TEAM3,2026-05-08T17:20:00,2026-05-08T17:31:22,682,TRANSFERRED_EXT,Transferred,chat,Billing,transferred,1,False
TKT0000075,AGT015,Agent_015,TEAM4,2026-01-27T15:30:00,2026-01-27T15:47:57,1077,DUPLICATE,Administrative,phone,Diagnostics,escalated,0,True
TKT0000076,AGT003,Agent_003,TEAM4,2026-04-14T17:40:00,2026-04-14T17:42:31,151,SOLVED_SILENT,Resolved - No Follow-Up,phone,Connectivity,resolved,0,False
TKT0000077,AGT022,Agent_022,TEAM3,2026-01-30T19:12:00,2026-01-30T19:15:21,201,SOLVED_SILENT,Resolved - No Follow-Up,phone,Connectivity,resolved,0,False
TKT0000078,AGT016,Agent_016,TEAM1,2025-12-22T14:26:00,2025-12-22T14:30:31,271,TRANSFERRED_EXT,Transferred,app,Connectivity,unresolved,0,False
TKT0000079,AGT023,Agent_023,TEAM4,2026-04-09T13:15:00,2026-04-09T13:17:16,136,ESCALATED_T2,Escalated,phone,Navigation,resolved,0,False
TKT0000080,AGT025,Agent_025,TEAM2,2026-05-31T15:29:00,2026-05-31T15:36:03,423,SOLVED_SILENT,Resolved - No Follow-Up,phone,Navigation,resolved,0,False
TKT0000081,AGT015,Agent_015,TEAM4,2026-04-01T17:33:00,2026-04-01T17:36:31,211,SOLVED_FIRST,Resolved - Customer Confirmed,app,Remote Services,transferred,2,False
TKT0000082,AGT011,Agent_011,TEAM4,2026-05-09T20:46:00,2026-05-09T21:05:53,1193,ESCALATED_SUP,Escalated,chat,Remote Services,unresolved,0,False
TKT0000083,AGT015,Agent_015,TEAM4,2026-04-04T14:16:00,2026-04-04T14:19:53,233,SOLVED_FIRST,Resolved - Customer Confirmed,phone,Diagnostics,transferred,2,False
TKT0000084,AGT009,Agent_009,TEAM2,2026-04-07T17:15:00,2026-04-07T17:20:22,322,TRANSFERRED_DEPT,Transferred,phone,Billing,transferred,1,False
TKT0000085,AGT003,Agent_003,TEAM4,2026-02-02T11:21:00,2026-02-02T11:32:52,712,SOLVED_SILENT,Resolved - No Follow-Up,phone,Remote Services,transferred,1,False
TKT0000086,AGT003,Agent_003,TEAM4,2026-01-11T10:24:00,2026-01-11T10:26:50,170,SOLVED_FIRST,Resolved - Customer Confirmed,phone,Navigation,resolved,0,False
TKT0000087,AGT014,Agent_014,TEAM3,2026-02-26T15:29:00,2026-02-26T15:31:10,130,ESCALATED_T2,Escalated,phone,Billing,resolved,0,False
TKT0000088,AGT013,Agent_013,TEAM2,2026-05-31T07:54:00,2026-05-31T08:01:39,459,TRANSFERRED_EXT,Transferred,app,Billing,transferred,1,False
TKT0000089,AGT016,Agent_016,TEAM1,2026-03-04T11:48:00,2026-03-04T11:56:03,483,RES_CONF,Resolved - Customer Confirmed,chat,Remote Services,resolved,0,False
TKT0000090,AGT024,Agent_024,TEAM1,2026-05-07T21:14:00,2026-05-07T21:25:37,697,TRANSFERRED_DEPT,Transferred,phone,Billing,resolved,0,False
TKT0000091,AGT016,Agent_016,TEAM1,2026-03-13T12:42:00,2026-03-13T12:51:41,581,RES_CONF,Resolved - Customer Confirmed,chat,Diagnostics,transferred,1,False
TKT0000092,AGT006,Agent_006,TEAM3,2026-01-05T16:34:00,2026-01-05T16:42:16,496,ESCALATED_SUP,Escalated,phone,Billing,transferred,1,False
TKT0000093,AGT019,Agent_019,TEAM4,2026-05-22T07:05:00,2026-05-22T07:09:10,250,TRANSFERRED_EXT,Transferred,phone,Billing,resolved,0,False
TKT0000094,AGT006,Agent_006,TEAM3,2026-02-08T13:20:00,2026-02-08T13:27:54,474,RES_CONF,Resolved - Customer Confirmed,phone,Billing,transferred,1,False
TKT0000095,AGT011,Agent_011,TEAM4,2026-03-11T11:48:00,2026-03-11T11:56:15,495,CLOSED_AUTO,Resolved - No Follow-Up,chat,Emergency Services,abandoned,0,False
TKT0000096,AGT027,Agent_027,TEAM4,2026-04-21T07:22:00,2026-04-21T07:26:04,244,RES_NO_FU,Resolved - No Follow-Up,phone,Diagnostics,resolved,0,False
TKT0000097,AGT002,Agent_002,TEAM3,2026-02-05T10:53:00,2026-02-05T11:17:49,1489,RES_CONF,Resolved - Customer Confirmed,phone,Connectivity,resolved,0,False
TKT0000098,AGT005,Agent_005,TEAM2,2026-05-24T08:36:00,2026-05-24T08:45:22,562,ESCALATED_SUP,Escalated,chat,Diagnostics,unresolved,0,False
TKT0000099,AGT009,Agent_009,TEAM2,2026-01-15T16:38:00,2026-01-15T16:41:23,203,CLOSED_AUTO,Resolved - No Follow-Up,phone,Connectivity,abandoned,0,False
TKT0000100,AGT010,Agent_010,TEAM3,2026-05-01T07:59:00,2026-05-01T08:10:39,699,RES_CUST_VERIFIED,Resolved - Customer Confirmed,phone,Remote Services,transferred,1,False
TKT0000101,AGT022,Agent_022,TEAM3,2026-03-15T18:12:00,2026-03-15T18:25:11,791,ESCALATED_T2,Escalated,phone,Navigation,resolved,0,False
TKT0000102,AGT023,Agent_023,TEAM4,2026-05-28T16:51:00,2026-05-28T16:59:58,538,SOLVED_SILENT,Resolved - No Follow-Up,app,Navigation,resolved,0,False
TKT0000103,AGT012,Agent_012,TEAM1,2026-03-23T17:23:00,2026-03-23T17:28:39,339,TRANSFERRED_DEPT,Transferred,phone,Navigation,resolved,0,False
TKT0000104,AGT028,Agent_028,TEAM1,2025-12-31T13:23:00,2025-12-31T13:26:58,238,DUPLICATE,Administrative,chat,Diagnostics,resolved,0,False
TKT0000105,AGT005,Agent_005,TEAM2,2026-01-18T18:33:00,2026-01-18T18:39:22,382,ESCALATED_T2,Escalated,phone,Remote Services,transferred,1,False
TKT0000106,AGT026,Agent_026,TEAM3,2026-04-02T13:52:00,2026-04-02T14:00:32,512,ESCALATED_SUP,Escalated,phone,Emergency Services,resolved,0,False
TKT0000107,AGT028,Agent_028,TEAM1,2026-02-13T21:28:00,2026-02-13T21:34:47,407,RES_NO_FU,Resolved - No Follow-Up,chat,Remote Services,resolved,0,False
TKT0000108,AGT020,Agent_020,TEAM1,2026-03-11T12:01:00,2026-03-11T12:19:35,1115,DUPLICATE,Administrative,phone,Connectivity,resolved,0,False
TKT0000109,AGT016,Agent_016,TEAM1,2026-03-04T19:16:00,2026-03-04T19:26:25,625,RES_NO_FU,Resolved - No Follow-Up,app,Diagnostics,resolved,0,False
TKT0000110,AGT029,Agent_029,TEAM2,2026-04-15T10:05:00,2026-04-15T10:08:41,221,RES_NO_FU,Resolved - No Follow-Up,chat,Billing,resolved,0,False
TKT0000111,AGT018,Agent_018,TEAM3,2026-05-29T14:41:00,2026-05-29T14:44:10,190,RES_NO_FU,Resolved - No Follow-Up,chat,Billing,transferred,2,False
TKT0000112,AGT026,Agent_026,TEAM3,2026-01-29T13:44:00,2026-01-29T13:53:25,565,CLOSED_AUTO,Resolved - No Follow-Up,phone,Emergency Services,transferred,2,False
TKT0000113,AGT022,Agent_022,TEAM3,2026-03-08T14:35:00,2026-03-08T14:40:45,345,TRANSFERRED_EXT,Transferred,chat,Diagnostics,resolved,0,False
TKT0000114,AGT018,Agent_018,TEAM3,2026-03-04T18:29:00,2026-03-04T18:40:05,665,CLOSED_AUTO,Resolved - No Follow-Up,phone,Emergency Services,transferred,2,False
TKT0000115,AGT009,Agent_009,TEAM2,2026-01-03T18:12:00,2026-01-03T18:21:21,561,RES_NO_FU,Resolved - No Follow-Up,phone,Navigation,transferred,2,False
TKT0000116,AGT024,Agent_024,TEAM1,2026-05-29T09:12:00,2026-05-29T09:18:23,383,TRANSFERRED_DEPT,Transferred,phone,Diagnostics,transferred,1,False
TKT0000117,AGT016,Agent_016,TEAM1,2026-05-03T19:33:00,2026-05-03T19:36:43,223,SOLVED_SILENT,Resolved - No Follow-Up,app,Emergency Services,transferred,1,False
TKT0000118,AGT004,Agent_004,TEAM1,2026-02-17T10:23:00,2026-02-17T10:25:19,139,RES_NO_FU,Resolved - No Follow-Up,phone,Diagnostics,resolved,0,False
TKT0000119,AGT018,Agent_018,TEAM3,2026-02-12T07:03:00,2026-02-12T07:10:48,468,SOLVED_FIRST,Resolved - Customer Confirmed,app,Emergency Services,transferred,2,False
TKT0000120,AGT023,Agent_023,TEAM4,2026-05-16T20:48:00,2026-05-16T20:50:48,168,SOLVED_FIRST,Resolved - Customer Confirmed,phone,Remote Services,resolved,0,False
TKT0000121,AGT010,Agent_010,TEAM3,2026-04-05T14:21:00,2026-04-05T14:24:37,217,ESCALATED_SUP,Escalated,phone,Emergency Services,resolved,0,False
TKT0000122,AGT028,Agent_028,TEAM1,2026-03-16T14:04:00,2026-03-16T14:11:29,449,RES_NO_FU,Resolved - No Follow-Up,app,Diagnostics,transferred,3,False
TKT0000123,AGT022,Agent_022,TEAM3,2026-01-11T09:51:00,2026-01-11T09:58:00,420,RES_CONF,Resolved - Customer Confirmed,app,Emergency Services,transferred,1,False
TKT0000124,AGT003,Agent_003,TEAM4,2026-01-03T15:48:00,2026-01-03T15:51:01,181,RES_NO_FU,Resolved - No Follow-Up,chat,Remote Services,transferred,1,False
TKT0000125,AGT020,Agent_020,TEAM1,2026-01-30T19:33:00,2026-01-30T19:47:21,861,TRANSFERRED_EXT,Transferred,chat,Emergency Services,resolved,0,False
TKT0000126,AGT028,Agent_028,TEAM1,2026-02-20T16:39:00,2026-02-20T16:53:03,843,DUPLICATE,Administrative,phone,Connectivity,resolved,0,False
TKT0000127,AGT021,Agent_021,TEAM2,2026-02-09T17:05:00,2026-02-09T17:14:38,578,RES_NO_FU,Resolved - No Follow-Up,phone,Connectivity,transferred,1,False
TKT0000128,AGT006,Agent_006,TEAM3,2025-12-23T09:00:00,2025-12-23T09:09:38,578,TRANSFERRED_DEPT,Transferred,chat,Billing,transferred,2,False
TKT0000129,AGT023,Agent_023,TEAM4,2026-04-03T11:02:00,2026-04-03T11:11:38,578,TRANSFERRED_EXT,Transferred,phone,Emergency Services,transferred,1,False
TKT0000130,AGT023,Agent_023,TEAM4,2026-06-01T20:29:00,2026-06-01T22:08:44,5984,SOLVED_SILENT,Resolved - No Follow-Up,phone,Emergency Services,resolved,0,False
TKT0000131,AGT026,Agent_026,TEAM3,2026-05-22T19:59:00,2026-05-22T20:12:06,786,TRANSFERRED_EXT,Transferred,phone,Billing,transferred,1,False
TKT0000132,AGT004,Agent_004,TEAM1,2026-01-30T17:09:00,2026-01-30T17:19:36,636,TRANSFERRED_DEPT,Transferred,phone,Navigation,unresolved,0,False
TKT0000133,AGT002,Agent_002,TEAM3,2026-02-20T16:47:00,2026-02-20T16:50:54,234,SOLVED_FIRST,Resolved - Customer Confirmed,phone,Billing,escalated,0,True
TKT0000134,AGT004,Agent_004,TEAM1,2026-05-29T11:44:00,2026-05-29T11:49:41,341,ESCALATED_SUP,Escalated,phone,Remote Services,resolved,0,False
TKT0000135,AGT018,Agent_018,TEAM3,2026-03-26T08:38:00,2026-03-26T09:11:59,2039,ESCALATED_SUP,Escalated,chat,Diagnostics,resolved,0,False
TKT0000136,AGT011,Agent_011,TEAM4,2026-02-06T07:05:00,2026-02-06T07:06:49,109,TRANSFERRED_EXT,Transferred,app,Remote Services,resolved,0,False
TKT0000137,AGT001,Agent_001,TEAM2,2026-02-10T16:02:00,2026-02-10T16:06:49,289,DUPLICATE,Administrative,phone,Billing,escalated,0,True
TKT0000138,AGT017,Agent_017,TEAM2,2026-03-27T21:17:00,2026-03-27T21:31:24,864,DUPLICATE,Administrative,app,Billing,resolved,0,False
TKT0000139,AGT021,Agent_021,TEAM2,2025-12-27T14:22:00,2025-12-27T14:26:04,244,ESCALATED_SUP,Escalated,phone,Diagnostics,resolved,0,False
TKT0000140,AGT004,Agent_004,TEAM1,2026-02-26T13:44:00,2026-02-26T13:54:49,649,SOLVED_FIRST,Resolved - Customer Confirmed,chat,Remote Services,resolved,0,False
TKT0000141,AGT002,Agent_002,TEAM3,2025-12-26T12:16:00,2025-12-26T12:22:56,416,ESCALATED_SUP,Escalated,chat,Remote Services,resolved,0,False
TKT0000142,AGT027,Agent_027,TEAM4,2026-04-21T14:26:00,2026-04-21T14:30:15,255,DUPLICATE,Administrative,app,Emergency Services,resolved,0,False
TKT0000143,AGT020,Agent_020,TEAM1,2026-05-13T14:48:00,2026-05-13T14:49:37,97,ESCALATED_SUP,Escalated,phone,Connectivity,transferred,1,False
TKT0000144,AGT009,Agent_009,TEAM2,2026-01-06T21:18:00,2026-01-06T21:25:39,459,TRANSFERRED_DEPT,Transferred,chat,Navigation,resolved,0,False
TKT0000145,AGT001,Agent_001,TEAM2,2026-05-08T19:15:00,2026-05-08T19:18:51,231,DUPLICATE,Administrative,phone,Remote Services,resolved,0,False
TKT0000146,AGT001,Agent_001,TEAM2,2026-03-18T08:14:00,2026-03-18T08:20:12,372,TRANSFERRED_DEPT,Transferred,phone,Billing,transferred,2,False
TKT0000147,AGT004,Agent_004,TEAM1,2026-01-12T14:59:00,2026-01-12T15:08:34,574,DUPLICATE,Administrative,app,Diagnostics,resolved,0,False
TKT0000148,AGT009,Agent_009,TEAM2,2026-04-06T14:15:00,2026-04-06T14:27:19,739,ESCALATED_T2,Escalated,phone,Billing,resolved,0,False
TKT0000149,AGT007,Agent_007,TEAM4,2026-04-13T18:56:00,2026-04-13T19:00:49,289,TRANSFERRED_EXT,Transferred,phone,Emergency Services,resolved,0,False
TKT0000150,AGT025,Agent_025,TEAM2,2026-03-01T21:50:00,2026-03-01T21:54:15,255,ESCALATED_T2,Escalated,app,Emergency Services,transferred,1,False
TKT0000151,AGT027,Agent_027,TEAM4,2026-05-03T16:42:00,2026-05-03T16:44:46,166,CLOSED_AUTO,Resolved - No Follow-Up,chat,Connectivity,transferred,2,False
TKT0000152,AGT015,Agent_015,TEAM4,2026-04-06T12:21:00,2026-04-06T12:33:47,767,TRANSFERRED_DEPT,Transferred,app,Remote Services,transferred,1,False
TKT0000153,AGT013,Agent_013,TEAM2,2026-02-24T20:12:00,2026-02-24T20:41:42,1782,ESCALATED_SUP,Escalated,phone,Remote Services,abandoned,0,False
TKT0000154,AGT013,Agent_013,TEAM2,2026-03-19T07:20:00,2026-03-19T07:33:51,831,RES_NO_FU,Resolved - No Follow-Up,chat,Billing,resolved,0,False
TKT0000155,AGT022,Agent_022,TEAM3,2026-01-11T14:02:00,2026-01-11T14:18:19,979,DUPLICATE,Administrative,app,Emergency Services,resolved,0,False
TKT0000156,AGT028,Agent_028,TEAM1,2025-12-29T15:58:00,2025-12-29T16:02:05,245,DUPLICATE,Administrative,phone,Billing,resolved,0,False
TKT0000157,AGT028,Agent_028,TEAM1,2025-12-23T14:50:00,2025-12-23T14:59:10,550,SOLVED_SILENT,Resolved - No Follow-Up,phone,Remote Services,abandoned,0,False
TKT0000158,AGT023,Agent_023,TEAM4,2026-05-19T08:54:00,2026-05-19T09:05:33,693,ESCALATED_T2,Escalated,app,Billing,resolved,0,False
TKT0000159,AGT011,Agent_011,TEAM4,2026-04-07T20:34:00,2026-04-07T20:34:41,41,DUPLICATE,Administrative,phone,Connectivity,resolved,0,False
TKT0000160,AGT021,Agent_021,TEAM2,2026-02-15T10:47:00,2026-02-15T10:50:16,196,DUPLICATE,Administrative,phone,Diagnostics,resolved,0,False
TKT0000161,AGT023,Agent_023,TEAM4,2026-03-27T09:44:00,2026-03-27T10:05:04,1264,RES_CUST_VERIFIED,Resolved - Customer Confirmed,phone,Navigation,resolved,0,False
TKT0000162,AGT011,Agent_011,TEAM4,2026-02-17T12:23:00,2026-02-17T12:25:28,148,RES_CONF,Resolved - Customer Confirmed,phone,Remote Services,resolved,0,False
TKT0000163,AGT014,Agent_014,TEAM3,2026-05-27T19:11:00,2026-05-27T19:29:26,1106,TRANSFERRED_EXT,Transferred,phone,Remote Services,resolved,0,False
TKT0000164,AGT028,Agent_028,TEAM1,2026-04-10T21:37:00,2026-04-10T21:39:27,147,SOLVED_SILENT,Resolved - No Follow-Up,phone,Connectivity,transferred,1,False
TKT0000165,AGT015,Agent_015,TEAM4,2026-02-07T14:16:00,2026-02-07T14:19:22,202,DUPLICATE,Administrative,chat,Emergency Services,resolved,0,False
TKT0000166,AGT022,Agent_022,TEAM3,2026-01-13T08:28:00,2026-01-13T08:37:17,557,TRANSFERRED_DEPT,Transferred,app,Emergency Services,unresolved,0,False
TKT0000167,AGT021,Agent_021,TEAM2,2026-05-29T11:29:00,2026-05-29T11:36:03,423,ESCALATED_T2,Escalated,phone,Connectivity,transferred,2,False
TKT0000168,AGT013,Agent_013,TEAM2,2025-12-31T10:24:00,2025-12-31T10:29:08,308,ESCALATED_SUP,Escalated,app,Emergency Services,resolved,0,False
TKT0000169,AGT023,Agent_023,TEAM4,2025-12-09T20:42:00,2025-12-09T21:02:24,1224,SOLVED_SILENT,Resolved - No Follow-Up,phone,Remote Services,resolved,0,False
TKT0000170,AGT028,Agent_028,TEAM1,2026-05-08T18:31:00,2026-05-08T18:33:49,169,RES_NO_FU,Resolved - No Follow-Up,phone,Connectivity,escalated,0,True
TKT0000171,AGT020,Agent_020,TEAM1,2026-01-29T17:12:00,2026-01-29T17:18:02,362,CLOSED_AUTO,Resolved - No Follow-Up,app,Emergency Services,transferred,2,False
TKT0000172,AGT022,Agent_022,TEAM3,2026-05-27T20:08:00,2026-05-27T20:18:09,609,DUPLICATE,Administrative,phone,Diagnostics,transferred,2,False
TKT0000173,AGT021,Agent_021,TEAM2,2026-02-21T19:28:00,2026-02-21T19:36:11,491,RES_CONF,Resolved - Customer Confirmed,phone,Diagnostics,resolved,0,False
TKT0000174,AGT005,Agent_005,TEAM2,2026-02-17T12:47:00,2026-02-17T12:51:20,260,RES_CUST_VERIFIED,Resolved - Customer Confirmed,phone,Connectivity,resolved,0,False
TKT0000175,AGT026,Agent_026,TEAM3,2026-04-18T15:58:00,2026-04-18T16:02:27,267,CLOSED_AUTO,Resolved - No Follow-Up,phone,Emergency Services,resolved,0,False
TKT0000176,AGT030,Agent_030,TEAM3,2026-02-17T18:55:00,2026-02-17T19:07:11,731,ESCALATED_SUP,Escalated,phone,Billing,resolved,0,False
TKT0000177,AGT003,Agent_003,TEAM4,2026-01-30T20:43:00,2026-01-30T20:55:37,757,SOLVED_FIRST,Resolved - Customer Confirmed,chat,Remote Services,transferred,1,False
TKT0000178,AGT012,Agent_012,TEAM1,2026-03-15T07:16:00,2026-03-15T07:24:20,500,RES_CUST_VERIFIED,Resolved - Customer Confirmed,app,Navigation,transferred,1,False
TKT0000179,AGT015,Agent_015,TEAM4,2026-05-25T18:43:00,2026-05-25T18:46:45,225,CLOSED_AUTO,Resolved - No Follow-Up,phone,Remote Services,transferred,1,False
TKT0000180,AGT013,Agent_013,TEAM2,2026-03-09T08:43:00,2026-03-09T08:47:32,272,DUPLICATE,Administrative,phone,Billing,transferred,1,False
TKT0000181,AGT001,Agent_001,TEAM2,2026-04-26T12:58:00,2026-04-26T13:04:37,397,TRANSFERRED_EXT,Transferred,phone,Diagnostics,resolved,0,False
TKT0000182,AGT027,Agent_027,TEAM4,2026-05-19T13:07:00,2026-05-19T13:14:17,437,CLOSED_AUTO,Resolved - No Follow-Up,phone,Navigation,transferred,1,False
TKT0000183,AGT002,Agent_002,TEAM3,2026-04-09T08:06:00,2026-04-09T08:15:51,591,SOLVED_SILENT,Resolved - No Follow-Up,phone,Remote Services,transferred,1,False
TKT0000184,AGT005,Agent_005,TEAM2,2026-03-30T12:42:00,2026-03-30T12:47:50,350,ESCALATED_T2,Escalated,app,Billing,unresolved,0,False
TKT0000185,AGT019,Agent_019,TEAM4,2026-03-20T17:06:00,2026-03-20T17:17:58,718,SOLVED_FIRST,Resolved - Customer Confirmed,app,Billing,escalated,0,True
TKT0000186,AGT009,Agent_009,TEAM2,2026-05-29T12:13:00,2026-05-29T12:24:52,712,RES_CONF,Resolved - Customer Confirmed,chat,Billing,transferred,2,False
TKT0000187,AGT008,Agent_008,TEAM1,2025-12-29T17:23:00,2025-12-29T17:39:46,1006,CLOSED_AUTO,Resolved - No Follow-Up,phone,Navigation,resolved,0,False
TKT0000188,AGT013,Agent_013,TEAM2,2026-01-21T08:54:00,2026-01-21T09:00:49,409,SOLVED_SILENT,Resolved - No Follow-Up,chat,Navigation,transferred,1,False
TKT0000189,AGT022,Agent_022,TEAM3,2026-05-17T17:38:00,2026-05-17T17:46:26,506,RES_NO_FU,Resolved - No Follow-Up,phone,Navigation,transferred,2,False
TKT0000190,AGT026,Agent_026,TEAM3,2026-04-27T10:04:00,2026-04-27T10:10:08,368,SOLVED_SILENT,Resolved - No Follow-Up,app,Connectivity,escalated,0,True
TKT0000191,AGT019,Agent_019,TEAM4,2026-02-01T12:49:00,2026-02-01T12:52:47,227,RES_NO_FU,Resolved - No Follow-Up,app,Navigation,resolved,0,False
TKT0000192,AGT009,Agent_009,TEAM2,2026-01-06T15:16:00,2026-01-06T15:45:05,1745,SOLVED_FIRST,Resolved - Customer Confirmed,phone,Diagnostics,escalated,0,True
TKT0000193,AGT028,Agent_028,TEAM1,2026-03-05T19:50:00,2026-03-05T20:05:07,907,RES_NO_FU,Resolved - No Follow-Up,phone,Remote Services,transferred,1,False
TKT0000194,AGT011,Agent_011,TEAM4,2026-01-17T11:03:00,2026-01-17T11:14:42,702,RES_CONF,Resolved - Customer Confirmed,phone,Diagnostics,transferred,1,False
TKT0000195,AGT014,Agent_014,TEAM3,2026-01-02T18:04:00,2026-01-02T18:10:39,399,TRANSFERRED_DEPT,Transferred,phone,Remote Services,resolved,0,False
TKT0000196,AGT019,Agent_019,TEAM4,2026-03-29T15:14:00,2026-03-29T15:17:35,215,RES_CUST_VERIFIED,Resolved - Customer Confirmed,phone,Diagnostics,unresolved,0,False
TKT0000197,AGT026,Agent_026,TEAM3,2026-04-16T11:29:00,2026-04-16T11:42:18,798,DUPLICATE,Administrative,phone,Navigation,resolved,0,False
TKT0000198,AGT016,Agent_016,TEAM1,2026-03-23T17:06:00,2026-03-23T17:12:03,363,ESCALATED_T2,Escalated,chat,Navigation,resolved,0,False
TKT0000199,AGT029,Agent_029,TEAM2,2025-12-20T09:17:00,2025-12-20T09:25:58,538,SOLVED_SILENT,Resolved - No Follow-Up,app,Remote Services,resolved,0,False
TKT0000200,AGT023,Agent_023,TEAM4,2026-03-11T16:33:00,2026-03-11T16:37:31,271,CLOSED_AUTO,Resolved - No Follow-Up,app,Remote Services,resolved,0,False
TKT0000201,AGT014,Agent_014,TEAM3,2026-06-01T08:54:00,2026-06-01T09:01:58,478,RES_CUST_VERIFIED,Resolved - Customer Confirmed,app,Diagnostics,resolved,0,False
TKT0000202,AGT028,Agent_028,TEAM1,2026-01-31T13:21:00,2026-01-31T13:25:42,282,DUPLICATE,Administrative,chat,Billing,transferred,1,False
TKT0000203,AGT014,Agent_014,TEAM3,2026-02-22T13:20:00,2026-02-22T13:24:50,290,RES_CUST_VERIFIED,Resolved - Customer Confirmed,phone,Connectivity,resolved,0,False
TKT0000204,AGT022,Agent_022,TEAM3,2025-12-21T08:53:00,2025-12-21T09:00:54,474,ESCALATED_SUP,Escalated,phone,Navigation,transferred,3,False
TKT0000205,AGT014,Agent_014,TEAM3,2026-03-09T19:08:00,2026-03-09T19:10:26,146,RES_CUST_VERIFIED,Resolved - Customer Confirmed,app,Navigation,transferred,1,False
TKT0000206,AGT019,Agent_019,TEAM4,2026-04-26T12:42:00,2026-04-26T12:44:30,150,TRANSFERRED_DEPT,Transferred,phone,Billing,transferred,2,False
TKT0000207,AGT012,Agent_012,TEAM1,2026-03-22T20:58:00,2026-03-22T21:02:03,243,DUPLICATE,Administrative,phone,Emergency Services,transferred,1,False
TKT0000208,AGT020,Agent_020,TEAM1,2026-03-04T08:36:00,2026-03-04T08:41:47,347,SOLVED_SILENT,Resolved - No Follow-Up,phone,Diagnostics,resolved,0,False
TKT0000209,AGT016,Agent_016,TEAM1,2025-12-31T12:54:00,2025-12-31T13:06:15,735,RES_NO_FU,Resolved - No Follow-Up,phone,Emergency Services,resolved,0,False
TKT0000210,AGT019,Agent_019,TEAM4,2026-03-23T20:35:00,2026-03-23T20:41:00,360,RES_NO_FU,Resolved - No Follow-Up,app,Remote Services,abandoned,0,False
TKT0000211,AGT022,Agent_022,TEAM3,2026-04-25T07:38:00,2026-04-25T07:44:38,398,DUPLICATE,Administrative,phone,Navigation,unresolved,0,False
TKT0000212,AGT006,Agent_006,TEAM3,2026-06-01T19:19:00,2026-06-01T19:24:29,329,SOLVED_SILENT,Resolved - No Follow-Up,phone,Navigation,unresolved,0,False
TKT0000213,AGT006,Agent_006,TEAM3,2026-04-27T17:25:00,2026-04-27T17:33:25,505,SOLVED_FIRST,Resolved - Customer Confirmed,phone,Connectivity,transferred,1,False
TKT0000214,AGT024,Agent_024,TEAM1,2025-12-11T08:47:00,2025-12-11T08:50:46,226,DUPLICATE,Administrative,chat,Billing,resolved,0,False
TKT0000215,AGT015,Agent_015,TEAM4,2026-01-13T12:19:00,2026-01-13T12:25:13,373,CLOSED_AUTO,Resolved - No Follow-Up,app,Remote Services,resolved,0,False
TKT0000216,AGT003,Agent_003,TEAM4,2026-01-12T09:48:00,2026-01-12T09:56:54,534,RES_CONF,Resolved - Customer Confirmed,app,Navigation,transferred,1,False
TKT0000217,AGT022,Agent_022,TEAM3,2026-02-11T14:42:00,2026-02-11T14:49:51,471,RES_CUST_VERIFIED,Resolved - Customer Confirmed,app,Billing,resolved,0,False
TKT0000218,AGT014,Agent_014,TEAM3,2026-01-28T19:32:00,2026-01-28T19:38:47,407,SOLVED_SILENT,Resolved - No Follow-Up,chat,Navigation,resolved,0,False
TKT0000219,AGT010,Agent_010,TEAM3,2026-05-26T16:31:00,2026-05-26T16:37:50,410,DUPLICATE,Administrative,phone,Navigation,resolved,0,False
TKT0000220,AGT008,Agent_008,TEAM1,2026-05-06T07:00:00,2026-05-06T07:09:31,571,ESCALATED_T2,Escalated,phone,Connectivity,resolved,0,False
TKT0000221,AGT025,Agent_025,TEAM2,2026-01-03T07:31:00,2026-01-03T08:01:21,1821,CLOSED_AUTO,Resolved - No Follow-Up,phone,Connectivity,resolved,0,False
TKT0000222,AGT013,Agent_013,TEAM2,2026-06-02T10:32:00,2026-06-02T10:35:55,235,TRANSFERRED_DEPT,Transferred,app,Diagnostics,transferred,2,False
TKT0000223,AGT026,Agent_026,TEAM3,2025-12-14T13:01:00,2025-12-14T13:32:08,1868,DUPLICATE,Administrative,phone,Emergency Services,resolved,0,False
TKT0000224,AGT019,Agent_019,TEAM4,2026-04-29T13:45:00,2026-04-29T13:48:49,229,ESCALATED_T2,Escalated,phone,Navigation,resolved,0,False
TKT0000225,AGT013,Agent_013,TEAM2,2026-02-25T09:51:00,2026-02-25T09:52:31,91,RES_CONF,Resolved - Customer Confirmed,chat,Diagnostics,unresolved,0,False
TKT0000226,AGT030,Agent_030,TEAM3,2025-12-31T10:27:00,2025-12-31T10:31:39,279,DUPLICATE,Administrative,app,Navigation,resolved,0,False
TKT0000227,AGT013,Agent_013,TEAM2,2026-02-28T10:21:00,2026-02-28T10:29:32,512,SOLVED_SILENT,Resolved - No Follow-Up,phone,Remote Services,escalated,0,True
TKT0000228,AGT021,Agent_021,TEAM2,2026-04-18T15:12:00,2026-04-18T15:37:00,1500,RES_CUST_VERIFIED,Resolved - Customer Confirmed,phone,Emergency Services,transferred,1,False
TKT0000229,AGT024,Agent_024,TEAM1,2026-01-10T10:06:00,2026-01-10T10:09:35,215,DUPLICATE,Administrative,phone,Emergency Services,transferred,2,False
TKT0000230,AGT007,Agent_007,TEAM4,2026-05-07T09:48:00,2026-05-07T09:57:29,569,SOLVED_FIRST,Resolved - Customer Confirmed,phone,Connectivity,transferred,1,False
TKT0000231,AGT025,Agent_025,TEAM2,2026-04-27T19:37:00,2026-04-27T19:39:40,160,DUPLICATE,Administrative,chat,Diagnostics,transferred,2,False
TKT0000232,AGT030,Agent_030,TEAM3,2026-05-15T16:20:00,2026-05-15T16:44:13,1453,DUPLICATE,Administrative,phone,Connectivity,transferred,1,False
TKT0000233,AGT015,Agent_015,TEAM4,2026-04-03T14:40:00,2026-04-03T14:55:21,921,RES_CUST_VERIFIED,Resolved - Customer Confirmed,phone,Emergency Services,transferred,3,False
TKT0000234,AGT019,Agent_019,TEAM4,2026-03-04T15:04:00,2026-03-04T15:08:50,290,RES_CONF,Resolved - Customer Confirmed,chat,Navigation,resolved,0,False
TKT0000235,AGT002,Agent_002,TEAM3,2026-02-15T08:41:00,2026-02-15T08:43:01,121,CLOSED_AUTO,Resolved - No Follow-Up,phone,Remote Services,transferred,2,False
TKT0000236,AGT020,Agent_020,TEAM1,2026-03-12T14:37:00,2026-03-12T14:54:20,1040,TRANSFERRED_DEPT,Transferred,app,Diagnostics,transferred,1,False
TKT0000237,AGT029,Agent_029,TEAM2,2026-02-24T16:30:00,2026-02-24T16:36:12,372,SOLVED_SILENT,Resolved - No Follow-Up,phone,Billing,resolved,0,False
TKT0000238,AGT004,Agent_004,TEAM1,2025-12-25T15:41:00,2025-12-25T15:56:59,959,CLOSED_AUTO,Resolved - No Follow-Up,phone,Diagnostics,resolved,0,False
TKT0000239,AGT015,Agent_015,TEAM4,2026-04-17T15:39:00,2026-04-17T15:45:44,404,ESCALATED_SUP,Escalated,phone,Emergency Services,transferred,1,False
TKT0000240,AGT012,Agent_012,TEAM1,2026-03-13T13:49:00,2026-03-13T13:55:56,416,SOLVED_SILENT,Resolved - No Follow-Up,phone,Diagnostics,transferred,2,False
TKT0000241,AGT020,Agent_020,TEAM1,2026-05-14T17:21:00,2026-05-14T17:25:54,294,RES_CONF,Resolved - Customer Confirmed,phone,Remote Services,resolved,0,False
TKT0000242,AGT022,Agent_022,TEAM3,2026-02-14T11:46:00,2026-02-14T11:56:23,623,ESCALATED_T2,Escalated,app,Connectivity,escalated,0,True
TKT0000243,AGT011,Agent_011,TEAM4,2026-05-02T17:09:00,2026-05-02T17:16:18,438,RES_CUST_VERIFIED,Resolved - Customer Confirmed,phone,Diagnostics,unresolved,0,False
TKT0000244,AGT023,Agent_023,TEAM4,2026-03-14T09:38:00,2026-03-14T09:47:38,578,DUPLICATE,Administrative,phone,Emergency Services,resolved,0,False
TKT0000245,AGT018,Agent_018,TEAM3,2026-05-17T19:21:00,2026-05-17T19:23:17,137,ESCALATED_T2,Escalated,app,Navigation,escalated,0,True
TKT0000246,AGT021,Agent_021,TEAM2,2026-03-22T15:23:00,2026-03-22T15:39:26,986,DUPLICATE,Administrative,phone,Connectivity,resolved,0,False
TKT0000247,AGT007,Agent_007,TEAM4,2026-04-07T10:14:00,2026-04-07T10:33:54,1194,CLOSED_AUTO,Resolved - No Follow-Up,phone,Navigation,abandoned,0,False
TKT0000248,AGT010,Agent_010,TEAM3,2026-04-12T19:34:00,2026-04-12T19:41:17,437,RES_CUST_VERIFIED,Resolved - Customer Confirmed,app,Navigation,transferred,1,False
TKT0000249,AGT022,Agent_022,TEAM3,2026-05-11T09:38:00,2026-05-11T10:06:27,1707,CLOSED_AUTO,Resolved - No Follow-Up,chat,Connectivity,transferred,1,False
TKT0000250,AGT006,Agent_006,TEAM3,2026-05-30T19:39:00,2026-05-30T20:01:58,1378,SOLVED_FIRST,Resolved - Customer Confirmed,phone,Diagnostics,escalated,0,True
TKT0000251,AGT015,Agent_015,TEAM4,2026-03-19T12:43:00,2026-03-19T12:53:33,633,RES_CONF,Resolved - Customer Confirmed,phone,Billing,transferred,1,False
TKT0000252,AGT020,Agent_020,TEAM1,2026-03-28T10:34:00,2026-03-28T10:51:31,1051,SOLVED_SILENT,Resolved - No Follow-Up,chat,Connectivity,resolved,0,False
TKT0000253,AGT012,Agent_012,TEAM1,2026-04-29T14:29:00,2026-04-29T14:43:06,846,DUPLICATE,Administrative,chat,Remote Services,escalated,0,True
TKT0000254,AGT017,Agent_017,TEAM2,2026-01-14T20:12:00,2026-01-14T20:13:57,117,ESCALATED_T2,Escalated,phone,Emergency Services,escalated,0,True
TKT0000255,AGT002,Agent_002,TEAM3,2026-04-06T20:23:00,2026-04-06T20:28:34,334,DUPLICATE,Administrative,phone,Diagnostics,resolved,0,False
TKT0000256,AGT028,Agent_028,TEAM1,2026-02-14T08:48:00,2026-02-14T08:59:06,666,RES_NO_FU,Resolved - No Follow-Up,phone,Emergency Services,transferred,1,False
TKT0000257,AGT015,Agent_015,TEAM4,2026-01-10T20:27:00,2026-01-10T20:48:01,1261,TRANSFERRED_DEPT,Transferred,phone,Connectivity,transferred,1,False
TKT0000258,AGT027,Agent_027,TEAM4,2025-12-10T13:03:00,2025-12-10T13:05:33,153,CLOSED_AUTO,Resolved - No Follow-Up,chat,Remote Services,transferred,2,False
TKT0000259,AGT012,Agent_012,TEAM1,2026-03-12T08:23:00,2026-03-12T08:25:02,122,RES_NO_FU,Resolved - No Follow-Up,phone,Navigation,resolved,0,False
TKT0000260,AGT027,Agent_027,TEAM4,2026-01-10T09:02:00,2026-01-10T09:08:28,388,CLOSED_AUTO,Resolved - No Follow-Up,phone,Billing,transferred,3,False
TKT0000261,AGT023,Agent_023,TEAM4,2026-06-02T14:28:00,2026-06-02T14:29:34,94,SOLVED_FIRST,Resolved - Customer Confirmed,phone,Navigation,resolved,0,False
TKT0000262,AGT009,Agent_009,TEAM2,2026-01-11T15:46:00,2026-01-11T15:52:19,379,RES_NO_FU,Resolved - No Follow-Up,chat,Navigation,resolved,0,False
TKT0000263,AGT025,Agent_025,TEAM2,2026-01-04T07:15:00,2026-01-04T07:23:41,521,CLOSED_AUTO,Resolved - No Follow-Up,app,Billing,resolved,0,False
TKT0000264,AGT003,Agent_003,TEAM4,2026-04-10T16:34:00,2026-04-10T16:37:28,208,RES_CUST_VERIFIED,Resolved - Customer Confirmed,app,Remote Services,resolved,0,False
TKT0000265,AGT008,Agent_008,TEAM1,2026-02-16T13:00:00,2026-02-16T13:06:26,386,SOLVED_FIRST,Resolved - Customer Confirmed,phone,Remote Services,resolved,0,False
TKT0000266,AGT014,Agent_014,TEAM3,2026-05-23T17:05:00,2026-05-23T17:18:07,787,SOLVED_FIRST,Resolved - Customer Confirmed,phone,Navigation,resolved,0,False
TKT0000267,AGT017,Agent_017,TEAM2,2026-04-12T19:32:00,2026-04-12T19:36:38,278,TRANSFERRED_DEPT,Transferred,chat,Billing,resolved,0,False
TKT0000268,AGT002,Agent_002,TEAM3,2026-03-13T12:16:00,2026-03-13T12:19:51,231,DUPLICATE,Administrative,phone,Navigation,resolved,0,False
TKT0000269,AGT012,Agent_012,TEAM1,2026-05-21T17:06:00,2026-05-21T17:12:14,374,RES_NO_FU,Resolved - No Follow-Up,phone,Connectivity,escalated,0,True
TKT0000270,AGT002,Agent_002,TEAM3,2026-04-22T12:52:00,2026-04-22T12:55:15,195,CLOSED_AUTO,Resolved - No Follow-Up,chat,Diagnostics,resolved,0,False
TKT0000271,AGT016,Agent_016,TEAM1,2026-01-19T19:08:00,2026-01-19T19:34:36,1596,DUPLICATE,Administrative,chat,Navigation,resolved,0,False
TKT0000272,AGT010,Agent_010,TEAM3,2025-12-15T19:12:00,2025-12-15T19:18:53,413,RES_NO_FU,Resolved - No Follow-Up,phone,Emergency Services,transferred,1,False
TKT0000273,AGT030,Agent_030,TEAM3,2026-04-22T14:16:00,2026-04-22T14:20:07,247,DUPLICATE,Administrative,phone,Diagnostics,transferred,1,False
TKT0000274,AGT007,Agent_007,TEAM4,2026-03-05T20:49:00,2026-03-05T20:56:48,468,SOLVED_SILENT,Resolved - No Follow-Up,phone,Diagnostics,transferred,2,False
TKT0000275,AGT011,Agent_011,TEAM4,2026-01-04T19:23:00,2026-01-04T19:29:12,372,SOLVED_SILENT,Resolved - No Follow-Up,chat,Billing,transferred,1,False
TKT0000276,AGT024,Agent_024,TEAM1,2026-03-12T12:11:00,2026-03-12T12:16:45,345,ESCALATED_SUP,Escalated,chat,Diagnostics,transferred,1,False
TKT0000277,AGT016,Agent_016,TEAM1,2026-04-15T11:51:00,2026-04-15T11:55:38,278,CLOSED_AUTO,Resolved - No Follow-Up,chat,Navigation,resolved,0,False
TKT0000278,AGT014,Agent_014,TEAM3,2026-01-19T15:18:00,2026-01-19T15:22:29,269,TRANSFERRED_EXT,Transferred,phone,Emergency Services,resolved,0,False
TKT0000279,AGT022,Agent_022,TEAM3,2026-02-20T14:38:00,2026-02-20T14:40:19,139,SOLVED_SILENT,Resolved - No Follow-Up,phone,Diagnostics,resolved,0,False
TKT0000280,AGT015,Agent_015,TEAM4,2026-03-28T07:46:00,2026-03-28T08:03:30,1050,CLOSED_AUTO,Resolved - No Follow-Up,phone,Remote Services,transferred,1,False
TKT0000281,AGT014,Agent_014,TEAM3,2026-05-16T19:03:00,2026-05-16T19:13:04,604,SOLVED_SILENT,Resolved - No Follow-Up,chat,Emergency Services,resolved,0,False
TKT0000282,AGT017,Agent_017,TEAM2,2026-01-13T07:09:00,2026-01-13T07:17:21,501,DUPLICATE,Administrative,chat,Navigation,escalated,0,True
TKT0000283,AGT005,Agent_005,TEAM2,2026-02-02T19:41:00,2026-02-02T19:47:08,368,RES_CUST_VERIFIED,Resolved - Customer Confirmed,chat,Remote Services,resolved,0,False
TKT0000284,AGT002,Agent_002,TEAM3,2026-01-12T17:28:00,2026-01-12T17:31:26,206,TRANSFERRED_EXT,Transferred,phone,Billing,unresolved,0,False
TKT0000285,AGT025,Agent_025,TEAM2,2026-04-18T12:25:00,2026-04-18T12:28:57,237,SOLVED_SILENT,Resolved - No Follow-Up,phone,Connectivity,resolved,0,False
TKT0000286,AGT004,Agent_004,TEAM1,2026-01-20T14:33:00,2026-01-20T14:35:29,149,RES_CONF,Resolved - Customer Confirmed,app,Navigation,resolved,0,False
TKT0000287,AGT009,Agent_009,TEAM2,2026-06-02T14:13:00,2026-06-02T14:17:16,256,SOLVED_SILENT,Resolved - No Follow-Up,phone,Diagnostics,abandoned,0,False
TKT0000288,AGT030,Agent_030,TEAM3,2026-01-04T09:54:00,2026-01-04T09:57:09,189,RES_NO_FU,Resolved - No Follow-Up,phone,Billing,transferred,1,False
TKT0000289,AGT006,Agent_006,TEAM3,2025-12-26T19:43:00,2025-12-26T20:04:54,1314,ESCALATED_SUP,Escalated,phone,Diagnostics,transferred,1,False
TKT0000290,AGT012,Agent_012,TEAM1,2026-04-23T15:18:00,2026-04-23T15:30:27,747,RES_CUST_VERIFIED,Resolved - Customer Confirmed,phone,Diagnostics,unresolved,0,False
TKT0000291,AGT023,Agent_023,TEAM4,2026-01-17T19:23:00,2026-01-17T19:30:05,425,DUPLICATE,Administrative,phone,Connectivity,resolved,0,False
TKT0000292,AGT026,Agent_026,TEAM3,2025-12-10T12:35:00,2025-12-10T12:38:40,220,DUPLICATE,Administrative,app,Emergency Services,transferred,1,False
TKT0000293,AGT015,Agent_015,TEAM4,2026-01-06T16:56:00,2026-01-06T16:59:15,195,TRANSFERRED_DEPT,Transferred,phone,Billing,resolved,0,False
TKT0000294,AGT023,Agent_023,TEAM4,2026-04-17T13:49:00,2026-04-17T13:54:53,353,ESCALATED_SUP,Escalated,app,Navigation,resolved,0,False
TKT0000295,AGT005,Agent_005,TEAM2,2026-05-17T08:28:00,2026-05-17T08:40:51,771,CLOSED_AUTO,Resolved - No Follow-Up,app,Emergency Services,resolved,0,False
TKT0000296,AGT005,Agent_005,TEAM2,2026-05-16T16:11:00,2026-05-16T16:36:35,1535,TRANSFERRED_DEPT,Transferred,phone,Billing,transferred,3,False
TKT0000297,AGT017,Agent_017,TEAM2,2026-01-04T15:09:00,2026-01-04T15:11:31,151,RES_CONF,Resolved - Customer Confirmed,phone,Emergency Services,resolved,0,False
TKT0000298,AGT030,Agent_030,TEAM3,2026-04-15T21:18:00,2026-04-15T21:27:58,598,CLOSED_AUTO,Resolved - No Follow-Up,phone,Connectivity,escalated,0,True
TKT0000299,AGT021,Agent_021,TEAM2,2026-02-12T09:40:00,2026-02-12T09:44:15,255,TRANSFERRED_DEPT,Transferred,app,Navigation,resolved,0,False
TKT0000300,AGT017,Agent_017,TEAM2,2026-01-16T16:37:00,2026-01-16T16:41:46,286,DUPLICATE,Administrative,app,Diagnostics,resolved,0,False
TKT0000301,AGT029,Agent_029,TEAM2,2025-12-11T08:02:00,2025-12-11T08:08:57,417,RES_NO_FU,Resolved - No Follow-Up,app,Emergency Services,unresolved,0,False
TKT0000302,AGT021,Agent_021,TEAM2,2026-04-29T13:39:00,2026-04-29T13:42:45,225,RES_NO_FU,Resolved - No Follow-Up,phone,Billing,transferred,3,False
TKT0000303,AGT029,Agent_029,TEAM2,2026-05-17T11:30:00,2026-05-17T11:35:41,341,CLOSED_AUTO,Resolved - No Follow-Up,phone,Diagnostics,transferred,2,False
TKT0000304,AGT013,Agent_013,TEAM2,2026-03-30T08:44:00,2026-03-30T08:47:33,213,SOLVED_SILENT,Resolved - No Follow-Up,phone,Connectivity,transferred,1,False
TKT0000305,AGT015,Agent_015,TEAM4,2026-04-06T14:13:00,2026-04-06T14:17:29,269,ESCALATED_T2,Escalated,phone,Emergency Services,resolved,0,False
TKT0000306,AGT028,Agent_028,TEAM1,2026-03-16T09:48:00,2026-03-16T09:59:24,684,CLOSED_AUTO,Resolved - No Follow-Up,app,Navigation,resolved,0,False
TKT0000307,AGT011,Agent_011,TEAM4,2026-04-02T08:17:00,2026-04-02T08:24:12,432,RES_NO_FU,Resolved - No Follow-Up,phone,Navigation,resolved,0,False
TKT0000308,AGT002,Agent_002,TEAM3,2026-03-12T20:39:00,2026-03-12T20:50:22,682,SOLVED_SILENT,Resolved - No Follow-Up,phone,Emergency Services,resolved,0,False
TKT0000309,AGT030,Agent_030,TEAM3,2026-01-21T19:10:00,2026-01-21T19:14:13,253,CLOSED_AUTO,Resolved - No Follow-Up,app,Billing,resolved,0,False
TKT0000310,AGT016,Agent_016,TEAM1,2026-04-10T07:05:00,2026-04-10T07:15:01,601,SOLVED_SILENT,Resolved - No Follow-Up,app,Billing,unresolved,0,False
TKT0000311,AGT008,Agent_008,TEAM1,2026-05-02T12:03:00,2026-05-02T12:05:09,129,RES_NO_FU,Resolved - No Follow-Up,chat,Remote Services,resolved,0,False
TKT0000312,AGT029,Agent_029,TEAM2,2026-04-03T11:34:00,2026-04-03T11:40:57,417,DUPLICATE,Administrative,phone,Billing,resolved,0,False
TKT0000313,AGT005,Agent_005,TEAM2,2026-03-07T19:25:00,2026-03-07T19:35:30,630,SOLVED_SILENT,Resolved - No Follow-Up,chat,Navigation,resolved,0,False
TKT0000314,AGT019,Agent_019,TEAM4,2026-01-22T12:35:00,2026-01-22T12:37:06,126,TRANSFERRED_DEPT,Transferred,chat,Remote Services,resolved,0,False
TKT0000315,AGT015,Agent_015,TEAM4,2026-02-13T20:39:00,2026-02-13T20:43:15,255,TRANSFERRED_DEPT,Transferred,phone,Connectivity,resolved,0,False
TKT0000316,AGT004,Agent_004,TEAM1,2026-03-09T19:21:00,2026-03-09T19:27:57,417,ESCALATED_T2,Escalated,phone,Connectivity,resolved,0,False
TKT0000317,AGT007,Agent_007,TEAM4,2026-04-13T13:32:00,2026-04-13T13:45:35,815,TRANSFERRED_EXT,Transferred,phone,Connectivity,resolved,0,False
TKT0000318,AGT023,Agent_023,TEAM4,2026-04-04T15:29:00,2026-04-04T15:33:29,269,CLOSED_AUTO,Resolved - No Follow-Up,app,Connectivity,resolved,0,False
TKT0000319,AGT011,Agent_011,TEAM4,2026-02-23T09:25:00,2026-02-23T09:34:44,584,TRANSFERRED_EXT,Transferred,phone,Remote Services,abandoned,0,False
TKT0000320,AGT011,Agent_011,TEAM4,2026-04-13T15:31:00,2026-04-13T15:49:26,1106,TRANSFERRED_DEPT,Transferred,phone,Billing,resolved,0,False
TKT0000321,AGT027,Agent_027,TEAM4,2026-05-25T08:26:00,2026-05-25T08:36:04,604,CLOSED_AUTO,Resolved - No Follow-Up,app,Emergency Services,transferred,1,False
TKT0000322,AGT026,Agent_026,TEAM3,2025-12-10T16:30:00,2025-12-10T16:35:49,349,DUPLICATE,Administrative,phone,Diagnostics,transferred,2,False
TKT0000323,AGT026,Agent_026,TEAM3,2026-04-30T10:46:00,2026-04-30T10:54:43,523,TRANSFERRED_EXT,Transferred,phone,Remote Services,transferred,2,False
TKT0000324,AGT016,Agent_016,TEAM1,2026-04-17T17:46:00,2026-04-17T17:50:24,264,SOLVED_FIRST,Resolved - Customer Confirmed,chat,Connectivity,resolved,0,False
TKT0000325,AGT027,Agent_027,TEAM4,2026-04-29T18:07:00,2026-04-29T18:14:08,428,RES_NO_FU,Resolved - No Follow-Up,chat,Emergency Services,resolved,0,False
TKT0000326,AGT014,Agent_014,TEAM3,2026-03-19T18:13:00,2026-03-19T18:19:01,361,SOLVED_FIRST,Resolved - Customer Confirmed,chat,Remote Services,transferred,1,False
TKT0000327,AGT025,Agent_025,TEAM2,2025-12-19T18:08:00,2025-12-19T18:16:30,510,DUPLICATE,Administrative,app,Emergency Services,resolved,0,False
TKT0000328,AGT022,Agent_022,TEAM3,2026-04-17T13:20:00,2026-04-17T13:25:02,302,ESCALATED_SUP,Escalated,chat,Remote Services,abandoned,0,False
TKT0000329,AGT011,Agent_011,TEAM4,2026-03-04T17:49:00,2026-03-04T17:57:51,531,TRANSFERRED_DEPT,Transferred,phone,Remote Services,escalated,0,True
TKT0000330,AGT016,Agent_016,TEAM1,2026-02-05T11:35:00,2026-02-05T11:40:00,300,RES_NO_FU,Resolved - No Follow-Up,phone,Emergency Services,resolved,0,False
TKT0000331,AGT023,Agent_023,TEAM4,2026-05-29T18:31:00,2026-05-29T18:43:22,742,RES_NO_FU,Resolved - No Follow-Up,phone,Remote Services,resolved,0,False
TKT0000332,AGT030,Agent_030,TEAM3,2026-02-15T08:36:00,2026-02-15T08:41:21,321,SOLVED_SILENT,Resolved - No Follow-Up,app,Billing,transferred,1,False
TKT0000333,AGT029,Agent_029,TEAM2,2026-01-10T11:02:00,2026-01-10T11:03:36,96,CLOSED_AUTO,Resolved - No Follow-Up,phone,Emergency Services,resolved,0,False
TKT0000334,AGT030,Agent_030,TEAM3,2026-04-05T10:12:00,2026-04-05T10:15:19,199,CLOSED_AUTO,Resolved - No Follow-Up,phone,Remote Services,escalated,0,True
TKT0000335,AGT023,Agent_023,TEAM4,2026-01-08T08:39:00,2026-01-08T08:45:48,408,SOLVED_SILENT,Resolved - No Follow-Up,phone,Connectivity,resolved,0,False
TKT0000336,AGT002,Agent_002,TEAM3,2026-04-18T10:40:00,2026-04-18T11:01:44,1304,DUPLICATE,Administrative,phone,Navigation,transferred,1,False
TKT0000337,AGT004,Agent_004,TEAM1,2026-02-26T18:30:00,2026-02-26T18:42:00,720,ESCALATED_T2,Escalated,phone,Diagnostics,transferred,2,False
TKT0000338,AGT025,Agent_025,TEAM2,2026-03-18T17:59:00,2026-03-18T18:00:25,85,SOLVED_SILENT,Resolved - No Follow-Up,chat,Billing,unresolved,0,False
TKT0000339,AGT021,Agent_021,TEAM2,2026-02-15T12:18:00,2026-02-15T12:20:23,143,RES_NO_FU,Resolved - No Follow-Up,phone,Diagnostics,resolved,0,False
TKT0000340,AGT019,Agent_019,TEAM4,2026-04-19T18:46:00,2026-04-19T19:00:58,898,RES_NO_FU,Resolved - No Follow-Up,phone,Connectivity,transferred,1,False
TKT0000341,AGT014,Agent_014,TEAM3,2025-12-13T20:25:00,2025-12-13T20:35:28,628,SOLVED_FIRST,Resolved - Customer Confirmed,chat,Connectivity,transferred,1,False
TKT0000342,AGT030,Agent_030,TEAM3,2025-12-13T07:19:00,2025-12-13T07:51:57,1977,SOLVED_SILENT,Resolved - No Follow-Up,app,Remote Services,transferred,1,False
TKT0000343,AGT004,Agent_004,TEAM1,2026-02-14T14:41:00,2026-02-14T14:45:52,292,CLOSED_AUTO,Resolved - No Follow-Up,chat,Connectivity,resolved,0,False
TKT0000344,AGT028,Agent_028,TEAM1,2026-01-22T19:07:00,2026-01-22T19:10:42,222,CLOSED_AUTO,Resolved - No Follow-Up,phone,Connectivity,transferred,1,False
TKT0000345,AGT024,Agent_024,TEAM1,2026-05-18T11:45:00,2026-05-18T11:52:04,424,ESCALATED_SUP,Escalated,phone,Navigation,transferred,1,False
TKT0000346,AGT024,Agent_024,TEAM1,2026-02-17T16:43:00,2026-02-17T16:47:48,288,CLOSED_AUTO,Resolved - No Follow-Up,phone,Connectivity,transferred,1,False
TKT0000347,AGT020,Agent_020,TEAM1,2026-03-17T20:27:00,2026-03-17T20:40:54,834,DUPLICATE,Administrative,phone,Billing,resolved,0,False
TKT0000348,AGT022,Agent_022,TEAM3,2026-01-20T09:30:00,2026-01-20T09:34:42,282,RES_CUST_VERIFIED,Resolved - Customer Confirmed,phone,Connectivity,transferred,1,False
TKT0000349,AGT001,Agent_001,TEAM2,2026-03-12T10:28:00,2026-03-12T10:33:33,333,SOLVED_SILENT,Resolved - No Follow-Up,phone,Emergency Services,transferred,1,False
TKT0000350,AGT010,Agent_010,TEAM3,2026-04-29T07:16:00,2026-04-29T07:19:23,203,TRANSFERRED_EXT,Transferred,phone,Navigation,resolved,0,False
TKT0000351,AGT022,Agent_022,TEAM3,2026-04-02T11:10:00,2026-04-02T11:21:25,685,RES_CUST_VERIFIED,Resolved - Customer Confirmed,chat,Diagnostics,transferred,1,False
TKT0000352,AGT017,Agent_017,TEAM2,2026-05-29T08:40:00,2026-05-29T08:43:31,211,SOLVED_SILENT,Resolved - No Follow-Up,phone,Emergency Services,unresolved,0,False
TKT0000353,AGT020,Agent_020,TEAM1,2026-01-29T09:30:00,2026-01-29T09:38:58,538,RES_NO_FU,Resolved - No Follow-Up,app,Emergency Services,resolved,0,False
TKT0000354,AGT014,Agent_014,TEAM3,2026-04-03T19:34:00,2026-04-03T19:59:00,1500,TRANSFERRED_DEPT,Transferred,phone,Connectivity,escalated,0,True
TKT0000355,AGT022,Agent_022,TEAM3,2025-12-24T15:28:00,2025-12-24T15:29:56,116,TRANSFERRED_EXT,Transferred,phone,Navigation,resolved,0,False
TKT0000356,AGT030,Agent_030,TEAM3,2026-04-23T21:32:00,2026-04-23T21:51:09,1149,RES_NO_FU,Resolved - No Follow-Up,phone,Remote Services,transferred,2,False
TKT0000357,AGT018,Agent_018,TEAM3,2026-01-15T12:54:00,2026-01-15T13:02:10,490,SOLVED_FIRST,Resolved - Customer Confirmed,phone,Diagnostics,resolved,0,False
TKT0000358,AGT007,Agent_007,TEAM4,2026-04-08T08:57:00,2026-04-08T09:00:03,183,TRANSFERRED_EXT,Transferred,phone,Billing,resolved,0,False
TKT0000359,AGT005,Agent_005,TEAM2,2026-03-20T14:36:00,2026-03-20T14:43:15,435,TRANSFERRED_DEPT,Transferred,chat,Diagnostics,resolved,0,False
TKT0000360,AGT026,Agent_026,TEAM3,2026-03-15T11:52:00,2026-03-15T12:03:10,670,RES_NO_FU,Resolved - No Follow-Up,phone,Diagnostics,transferred,2,False
TKT0000361,AGT007,Agent_007,TEAM4,2025-12-22T07:27:00,2025-12-22T07:30:51,231,TRANSFERRED_EXT,Transferred,phone,Remote Services,resolved,0,False
TKT0000362,AGT002,Agent_002,TEAM3,2026-04-03T07:18:00,2026-04-03T07:27:21,561,RES_CUST_VERIFIED,Resolved - Customer Confirmed,phone,Diagnostics,resolved,0,False
TKT0000363,AGT024,Agent_024,TEAM1,2026-03-21T12:57:00,2026-03-21T13:17:30,1230,DUPLICATE,Administrative,chat,Billing,transferred,2,False
TKT0000364,AGT028,Agent_028,TEAM1,2026-03-10T08:43:00,2026-03-10T08:47:42,282,ESCALATED_T2,Escalated,app,Connectivity,transferred,2,False
TKT0000365,AGT021,Agent_021,TEAM2,2026-01-03T09:34:00,2026-01-03T09:37:21,201,CLOSED_AUTO,Resolved - No Follow-Up,chat,Remote Services,transferred,3,False
TKT0000366,AGT005,Agent_005,TEAM2,2025-12-04T19:01:00,2025-12-04T19:07:09,369,RES_NO_FU,Resolved - No Follow-Up,phone,Billing,transferred,1,False
TKT0000367,AGT022,Agent_022,TEAM3,2026-03-22T15:24:00,2026-03-22T15:30:59,419,TRANSFERRED_DEPT,Transferred,phone,Billing,escalated,0,True
TKT0000368,AGT012,Agent_012,TEAM1,2026-02-12T10:59:00,2026-02-12T11:13:27,867,SOLVED_FIRST,Resolved - Customer Confirmed,phone,Navigation,unresolved,0,False
TKT0000369,AGT026,Agent_026,TEAM3,2026-02-03T10:04:00,2026-02-03T10:10:01,361,RES_NO_FU,Resolved - No Follow-Up,phone,Remote Services,transferred,1,False
TKT0000370,AGT002,Agent_002,TEAM3,2026-05-06T17:45:00,2026-05-06T17:49:59,299,ESCALATED_SUP,Escalated,phone,Diagnostics,unresolved,0,False
TKT0000371,AGT002,Agent_002,TEAM3,2026-03-26T10:34:00,2026-03-26T10:37:18,198,ESCALATED_T2,Escalated,phone,Connectivity,resolved,0,False
TKT0000372,AGT017,Agent_017,TEAM2,2026-02-01T20:58:00,2026-02-01T21:00:06,126,SOLVED_SILENT,Resolved - No Follow-Up,app,Emergency Services,transferred,2,False
TKT0000373,AGT019,Agent_019,TEAM4,2026-05-25T20:20:00,2026-05-25T20:22:43,163,TRANSFERRED_EXT,Transferred,phone,Emergency Services,transferred,1,False
TKT0000374,AGT029,Agent_029,TEAM2,2026-03-19T11:17:00,2026-03-19T11:19:42,162,SOLVED_SILENT,Resolved - No Follow-Up,app,Diagnostics,resolved,0,False
TKT0000375,AGT030,Agent_030,TEAM3,2026-04-25T14:03:00,2026-04-25T14:08:36,336,DUPLICATE,Administrative,chat,Remote Services,abandoned,0,False
TKT0000376,AGT011,Agent_011,TEAM4,2026-03-18T09:19:00,2026-03-18T09:21:20,140,ESCALATED_T2,Escalated,app,Billing,resolved,0,False
TKT0000377,AGT008,Agent_008,TEAM1,2026-02-18T20:45:00,2026-02-18T20:46:01,61,RES_NO_FU,Resolved - No Follow-Up,phone,Billing,transferred,2,False
TKT0000378,AGT030,Agent_030,TEAM3,2026-03-20T15:33:00,2026-03-20T15:39:28,388,DUPLICATE,Administrative,phone,Emergency Services,resolved,0,False
TKT0000379,AGT007,Agent_007,TEAM4,2026-05-18T08:59:00,2026-05-18T09:23:31,1471,CLOSED_AUTO,Resolved - No Follow-Up,phone,Navigation,resolved,0,False
TKT0000380,AGT018,Agent_018,TEAM3,2025-12-17T11:24:00,2025-12-17T11:38:47,887,RES_NO_FU,Resolved - No Follow-Up,app,Navigation,resolved,0,False
TKT0000381,AGT028,Agent_028,TEAM1,2026-04-05T10:55:00,2026-04-05T11:00:34,334,SOLVED_SILENT,Resolved - No Follow-Up,phone,Navigation,unresolved,0,False
TKT0000382,AGT007,Agent_007,TEAM4,2026-01-03T18:48:00,2026-01-03T18:51:05,185,RES_NO_FU,Resolved - No Follow-Up,chat,Connectivity,transferred,3,False
TKT0000383,AGT023,Agent_023,TEAM4,2026-06-02T10:25:00,2026-06-02T11:05:43,2443,TRANSFERRED_EXT,Transferred,app,Emergency Services,unresolved,0,False
TKT0000384,AGT025,Agent_025,TEAM2,2026-04-19T17:22:00,2026-04-19T17:29:00,420,DUPLICATE,Administrative,phone,Emergency Services,transferred,1,False
TKT0000385,AGT012,Agent_012,TEAM1,2026-04-10T14:06:00,2026-04-10T14:13:43,463,TRANSFERRED_DEPT,Transferred,chat,Emergency Services,escalated,0,True
TKT0000386,AGT030,Agent_030,TEAM3,2026-03-19T07:36:00,2026-03-19T07:42:04,364,CLOSED_AUTO,Resolved - No Follow-Up,phone,Navigation,escalated,0,True
TKT0000387,AGT009,Agent_009,TEAM2,2026-05-02T16:46:00,2026-05-02T16:52:34,394,TRANSFERRED_DEPT,Transferred,phone,Connectivity,resolved,0,False
TKT0000388,AGT011,Agent_011,TEAM4,2026-03-11T16:53:00,2026-03-11T16:57:35,275,RES_NO_FU,Resolved - No Follow-Up,app,Diagnostics,resolved,0,False
TKT0000389,AGT022,Agent_022,TEAM3,2026-02-07T19:52:00,2026-02-07T19:57:37,337,CLOSED_AUTO,Resolved - No Follow-Up,chat,Billing,resolved,0,False
TKT0000390,AGT006,Agent_006,TEAM3,2026-01-16T09:46:00,2026-01-16T10:05:16,1156,CLOSED_AUTO,Resolved - No Follow-Up,phone,Remote Services,resolved,0,False
TKT0000391,AGT021,Agent_021,TEAM2,2026-04-17T07:53:00,2026-04-17T08:09:05,965,RES_CONF,Resolved - Customer Confirmed,phone,Navigation,escalated,0,True
TKT0000392,AGT014,Agent_014,TEAM3,2026-05-14T10:04:00,2026-05-14T10:05:34,94,SOLVED_FIRST,Resolved - Customer Confirmed,phone,Connectivity,resolved,0,False
TKT0000393,AGT017,Agent_017,TEAM2,2026-03-09T07:39:00,2026-03-09T07:41:30,150,ESCALATED_SUP,Escalated,app,Billing,resolved,0,False
TKT0000394,AGT022,Agent_022,TEAM3,2025-12-08T07:34:00,2025-12-08T07:37:54,234,ESCALATED_SUP,Escalated,phone,Navigation,resolved,0,False
TKT0000395,AGT017,Agent_017,TEAM2,2026-04-20T11:01:00,2026-04-20T11:13:56,776,SOLVED_SILENT,Resolved - No Follow-Up,chat,Connectivity,resolved,0,False
TKT0000396,AGT004,Agent_004,TEAM1,2026-04-17T09:15:00,2026-04-17T09:31:22,982,RES_CUST_VERIFIED,Resolved - Customer Confirmed,app,Emergency Services,resolved,0,False
TKT0000397,AGT027,Agent_027,TEAM4,2025-12-24T12:25:00,2025-12-24T12:36:08,668,DUPLICATE,Administrative,phone,Diagnostics,resolved,0,False
TKT0000398,AGT008,Agent_008,TEAM1,2026-05-28T20:54:00,2026-05-28T20:57:03,183,SOLVED_SILENT,Resolved - No Follow-Up,phone,Navigation,resolved,0,False
TKT0000399,AGT013,Agent_013,TEAM2,2026-03-10T15:30:00,2026-03-10T15:34:39,279,ESCALATED_T2,Escalated,phone,Diagnostics,resolved,0,False
TKT0000400,AGT006,Agent_006,TEAM3,2026-04-10T20:27:00,2026-04-10T20:36:28,568,RES_CUST_VERIFIED,Resolved - Customer Confirmed,phone,Remote Services,resolved,0,False
TKT0000401,AGT028,Agent_028,TEAM1,2025-12-14T10:13:00,2025-12-14T10:18:40,340,TRANSFERRED_DEPT,Transferred,app,Billing,transferred,1,False
TKT0000402,AGT009,Agent_009,TEAM2,2025-12-23T17:59:00,2025-12-23T18:04:10,310,RES_CONF,Resolved - Customer Confirmed,phone,Remote Services,transferred,1,False
TKT0000403,AGT019,Agent_019,TEAM4,2025-12-12T09:59:00,2025-12-12T10:04:13,313,DUPLICATE,Administrative,phone,Connectivity,escalated,0,True
TKT0000404,AGT019,Agent_019,TEAM4,2026-03-15T21:04:00,2026-03-15T21:19:08,908,SOLVED_FIRST,Resolved - Customer Confirmed,app,Connectivity,resolved,0,False
TKT0000405,AGT019,Agent_019,TEAM4,2026-05-26T21:34:00,2026-05-26T21:44:11,611,ESCALATED_T2,Escalated,phone,Diagnostics,resolved,0,False
TKT0000406,AGT024,Agent_024,TEAM1,2026-04-11T18:22:00,2026-04-11T18:27:24,324,RES_CUST_VERIFIED,Resolved - Customer Confirmed,chat,Connectivity,resolved,0,False
TKT0000407,AGT027,Agent_027,TEAM4,2026-02-25T07:40:00,2026-02-25T07:48:26,506,DUPLICATE,Administrative,chat,Billing,resolved,0,False
TKT0000408,AGT008,Agent_008,TEAM1,2026-04-24T13:27:00,2026-04-24T13:29:48,168,CLOSED_AUTO,Resolved - No Follow-Up,phone,Diagnostics,transferred,1,False
TKT0000409,AGT019,Agent_019,TEAM4,2026-03-11T08:49:00,2026-03-11T08:53:39,279,DUPLICATE,Administrative,phone,Diagnostics,resolved,0,False
TKT0000410,AGT003,Agent_003,TEAM4,2026-02-10T09:24:00,2026-02-10T09:38:00,840,RES_CUST_VERIFIED,Resolved - Customer Confirmed,phone,Diagnostics,resolved,0,False
TKT0000411,AGT013,Agent_013,TEAM2,2026-03-06T08:05:00,2026-03-06T08:07:15,135,CLOSED_AUTO,Resolved - No Follow-Up,phone,Billing,resolved,0,False
TKT0000412,AGT012,Agent_012,TEAM1,2025-12-30T09:05:00,2025-12-30T09:15:16,616,SOLVED_SILENT,Resolved - No Follow-Up,chat,Remote Services,resolved,0,False
TKT0000413,AGT018,Agent_018,TEAM3,2026-03-18T08:01:00,2026-03-18T08:02:33,93,TRANSFERRED_DEPT,Transferred,app,Navigation,resolved,0,False
TKT0000414,AGT020,Agent_020,TEAM1,2026-02-25T20:24:00,2026-02-25T20:46:02,1322,TRANSFERRED_EXT,Transferred,phone,Emergency Services,transferred,2,False
TKT0000415,AGT014,Agent_014,TEAM3,2025-12-25T18:57:00,2025-12-25T19:01:35,275,ESCALATED_T2,Escalated,app,Connectivity,transferred,1,False
TKT0000416,AGT019,Agent_019,TEAM4,2026-01-16T17:24:00,2026-01-16T17:32:53,533,TRANSFERRED_DEPT,Transferred,phone,Emergency Services,resolved,0,False
TKT0000417,AGT009,Agent_009,TEAM2,2026-01-10T08:10:00,2026-01-10T08:17:17,437,ESCALATED_SUP,Escalated,chat,Emergency Services,resolved,0,False
TKT0000418,AGT016,Agent_016,TEAM1,2026-03-06T11:15:00,2026-03-06T11:22:28,448,RES_CUST_VERIFIED,Resolved - Customer Confirmed,chat,Remote Services,resolved,0,False
TKT0000419,AGT020,Agent_020,TEAM1,2026-03-31T08:08:00,2026-03-31T08:16:20,500,RES_NO_FU,Resolved - No Follow-Up,chat,Emergency Services,resolved,0,False
TKT0000420,AGT027,Agent_027,TEAM4,2026-03-26T12:27:00,2026-03-26T12:29:01,121,CLOSED_AUTO,Resolved - No Follow-Up,app,Connectivity,escalated,0,True
TKT0000421,AGT010,Agent_010,TEAM3,2026-05-07T18:12:00,2026-05-07T18:19:34,454,CLOSED_AUTO,Resolved - No Follow-Up,chat,Emergency Services,transferred,3,False
TKT0000422,AGT006,Agent_006,TEAM3,2026-02-23T11:47:00,2026-02-23T11:52:54,354,ESCALATED_T2,Escalated,chat,Remote Services,resolved,0,False
TKT0000423,AGT026,Agent_026,TEAM3,2026-02-13T20:50:00,2026-02-13T20:54:36,276,DUPLICATE,Administrative,phone,Remote Services,resolved,0,False
TKT0000424,AGT007,Agent_007,TEAM4,2026-04-22T09:43:00,2026-04-22T09:46:53,233,TRANSFERRED_EXT,Transferred,app,Navigation,transferred,2,False
TKT0000425,AGT024,Agent_024,TEAM1,2026-01-26T14:51:00,2026-01-26T14:58:42,462,ESCALATED_SUP,Escalated,phone,Billing,resolved,0,False
TKT0000426,AGT022,Agent_022,TEAM3,2026-01-08T17:19:00,2026-01-08T17:22:23,203,ESCALATED_SUP,Escalated,phone,Diagnostics,resolved,0,False
TKT0000427,AGT014,Agent_014,TEAM3,2025-12-22T14:38:00,2025-12-22T14:51:49,829,ESCALATED_T2,Escalated,chat,Remote Services,resolved,0,False
TKT0000428,AGT017,Agent_017,TEAM2,2026-04-22T07:50:00,2026-04-22T07:59:21,561,ESCALATED_T2,Escalated,app,Remote Services,abandoned,0,False
TKT0000429,AGT021,Agent_021,TEAM2,2025-12-31T19:15:00,2025-12-31T19:23:02,482,RES_CUST_VERIFIED,Resolved - Customer Confirmed,phone,Connectivity,resolved,0,False
TKT0000430,AGT021,Agent_021,TEAM2,2025-12-15T16:41:00,2025-12-15T16:54:22,802,TRANSFERRED_EXT,Transferred,chat,Emergency Services,resolved,0,False
TKT0000431,AGT026,Agent_026,TEAM3,2025-12-29T11:14:00,2025-12-29T11:15:51,111,RES_NO_FU,Resolved - No Follow-Up,app,Remote Services,resolved,0,False
TKT0000432,AGT019,Agent_019,TEAM4,2026-01-29T14:23:00,2026-01-29T14:25:44,164,TRANSFERRED_EXT,Transferred,app,Diagnostics,resolved,0,False
TKT0000433,AGT017,Agent_017,TEAM2,2026-03-02T07:30:00,2026-03-02T07:39:39,579,SOLVED_FIRST,Resolved - Customer Confirmed,chat,Navigation,resolved,0,False
TKT0000434,AGT004,Agent_004,TEAM1,2026-03-03T11:21:00,2026-03-03T11:25:02,242,SOLVED_FIRST,Resolved - Customer Confirmed,phone,Remote Services,resolved,0,False
TKT0000435,AGT016,Agent_016,TEAM1,2026-04-04T08:28:00,2026-04-04T08:32:22,262,CLOSED_AUTO,Resolved - No Follow-Up,chat,Emergency Services,resolved,0,False
TKT0000436,AGT003,Agent_003,TEAM4,2025-12-15T19:45:00,2025-12-15T19:47:30,150,SOLVED_SILENT,Resolved - No Follow-Up,phone,Diagnostics,resolved,0,False
TKT0000437,AGT004,Agent_004,TEAM1,2026-01-15T21:47:00,2026-01-15T21:50:23,203,DUPLICATE,Administrative,phone,Remote Services,resolved,0,False
TKT0000438,AGT006,Agent_006,TEAM3,2026-04-26T13:29:00,2026-04-26T13:43:03,843,CLOSED_AUTO,Resolved - No Follow-Up,chat,Diagnostics,resolved,0,False
TKT0000439,AGT006,Agent_006,TEAM3,2026-05-16T17:27:00,2026-05-16T17:36:29,569,SOLVED_FIRST,Resolved - Customer Confirmed,chat,Navigation,transferred,1,False
TKT0000440,AGT024,Agent_024,TEAM1,2026-01-23T14:37:00,2026-01-23T14:44:39,459,TRANSFERRED_EXT,Transferred,phone,Diagnostics,resolved,0,False
TKT0000441,AGT007,Agent_007,TEAM4,2026-02-13T19:45:00,2026-02-13T19:49:29,269,RES_NO_FU,Resolved - No Follow-Up,phone,Remote Services,escalated,0,True
TKT0000442,AGT004,Agent_004,TEAM1,2026-01-20T12:20:00,2026-01-20T12:27:19,439,TRANSFERRED_DEPT,Transferred,phone,Emergency Services,resolved,0,False
TKT0000443,AGT022,Agent_022,TEAM3,2026-04-18T17:20:00,2026-04-18T17:35:01,901,ESCALATED_SUP,Escalated,app,Billing,resolved,0,False
TKT0000444,AGT019,Agent_019,TEAM4,2026-03-03T12:54:00,2026-03-03T12:58:06,246,RES_CUST_VERIFIED,Resolved - Customer Confirmed,phone,Diagnostics,resolved,0,False
TKT0000445,AGT023,Agent_023,TEAM4,2026-05-10T16:05:00,2026-05-10T16:11:33,393,SOLVED_SILENT,Resolved - No Follow-Up,phone,Navigation,resolved,0,False
TKT0000446,AGT008,Agent_008,TEAM1,2026-01-02T09:23:00,2026-01-02T09:46:13,1393,SOLVED_SILENT,Resolved - No Follow-Up,app,Billing,resolved,0,False
TKT0000447,AGT014,Agent_014,TEAM3,2026-01-08T16:24:00,2026-01-08T16:35:02,662,TRANSFERRED_EXT,Transferred,chat,Connectivity,transferred,1,False
TKT0000448,AGT016,Agent_016,TEAM1,2026-04-20T18:58:00,2026-04-20T19:02:32,272,DUPLICATE,Administrative,phone,Remote Services,resolved,0,False
TKT0000449,AGT006,Agent_006,TEAM3,2026-02-15T09:11:00,2026-02-15T09:21:23,623,ESCALATED_SUP,Escalated,chat,Remote Services,resolved,0,False
TKT0000450,AGT002,Agent_002,TEAM3,2025-12-06T14:08:00,2025-12-06T14:10:14,134,CLOSED_AUTO,Resolved - No Follow-Up,chat,Remote Services,resolved,0,False
TKT0000451,AGT017,Agent_017,TEAM2,2026-04-09T13:43:00,2026-04-09T13:49:22,382,DUPLICATE,Administrative,chat,Billing,resolved,0,False
TKT0000452,AGT006,Agent_006,TEAM3,2026-04-27T07:50:00,2026-04-27T08:00:22,622,RES_CUST_VERIFIED,Resolved - Customer Confirmed,phone,Navigation,escalated,0,True
TKT0000453,AGT009,Agent_009,TEAM2,2026-04-20T11:10:00,2026-04-20T11:18:46,526,RES_NO_FU,Resolved - No Follow-Up,chat,Remote Services,transferred,1,False
TKT0000454,AGT024,Agent_024,TEAM1,2026-04-23T15:07:00,2026-04-23T15:17:18,618,ESCALATED_SUP,Escalated,phone,Remote Services,resolved,0,False
TKT0000455,AGT027,Agent_027,TEAM4,2025-12-14T19:46:00,2025-12-14T19:58:03,723,TRANSFERRED_DEPT,Transferred,phone,Billing,resolved,0,False
TKT0000456,AGT004,Agent_004,TEAM1,2026-02-05T11:55:00,2026-02-05T12:04:16,556,DUPLICATE,Administrative,chat,Emergency Services,abandoned,0,False
TKT0000457,AGT012,Agent_012,TEAM1,2026-03-26T20:07:00,2026-03-26T20:16:04,544,RES_CUST_VERIFIED,Resolved - Customer Confirmed,phone,Connectivity,escalated,0,True
TKT0000458,AGT026,Agent_026,TEAM3,2026-05-09T17:27:00,2026-05-09T17:34:46,466,CLOSED_AUTO,Resolved - No Follow-Up,phone,Connectivity,resolved,0,False
TKT0000459,AGT027,Agent_027,TEAM4,2026-04-28T12:34:00,2026-04-28T12:37:09,189,RES_NO_FU,Resolved - No Follow-Up,phone,Remote Services,transferred,2,False
TKT0000460,AGT018,Agent_018,TEAM3,2026-02-24T18:18:00,2026-02-24T18:32:03,843,SOLVED_FIRST,Resolved - Customer Confirmed,phone,Remote Services,transferred,3,False
TKT0000461,AGT009,Agent_009,TEAM2,2026-05-26T20:06:00,2026-05-26T20:12:32,392,TRANSFERRED_DEPT,Transferred,phone,Billing,transferred,1,False
TKT0000462,AGT030,Agent_030,TEAM3,2026-05-20T09:44:00,2026-05-20T09:54:50,650,CLOSED_AUTO,Resolved - No Follow-Up,phone,Connectivity,transferred,1,False
TKT0000463,AGT005,Agent_005,TEAM2,2026-02-05T19:53:00,2026-02-05T20:05:58,778,CLOSED_AUTO,Resolved - No Follow-Up,chat,Connectivity,resolved,0,False
TKT0000464,AGT019,Agent_019,TEAM4,2026-02-10T17:26:00,2026-02-10T17:30:41,281,DUPLICATE,Administrative,phone,Diagnostics,resolved,0,False
TKT0000465,AGT026,Agent_026,TEAM3,2026-03-17T15:47:00,2026-03-17T15:51:57,297,RES_CUST_VERIFIED,Resolved - Customer Confirmed,phone,Billing,resolved,0,False
TKT0000466,AGT016,Agent_016,TEAM1,2026-05-01T07:55:00,2026-05-01T08:00:24,324,CLOSED_AUTO,Resolved - No Follow-Up,phone,Diagnostics,escalated,0,True
TKT0000467,AGT015,Agent_015,TEAM4,2026-05-23T18:22:00,2026-05-23T18:38:11,971,DUPLICATE,Administrative,app,Billing,escalated,0,True
TKT0000468,AGT007,Agent_007,TEAM4,2026-01-27T14:17:00,2026-01-27T14:20:35,215,ESCALATED_T2,Escalated,phone,Emergency Services,resolved,0,False
TKT0000469,AGT018,Agent_018,TEAM3,2026-01-06T16:54:00,2026-01-06T17:12:30,1110,TRANSFERRED_EXT,Transferred,phone,Diagnostics,resolved,0,False
TKT0000470,AGT025,Agent_025,TEAM2,2026-05-13T19:53:00,2026-05-13T20:00:42,462,RES_NO_FU,Resolved - No Follow-Up,phone,Connectivity,resolved,0,False
TKT0000471,AGT015,Agent_015,TEAM4,2025-12-04T13:12:00,2025-12-04T13:20:06,486,ESCALATED_SUP,Escalated,phone,Diagnostics,abandoned,0,False
TKT0000472,AGT010,Agent_010,TEAM3,2026-02-12T08:41:00,2026-02-12T08:53:32,752,SOLVED_FIRST,Resolved - Customer Confirmed,phone,Emergency Services,resolved,0,False
TKT0000473,AGT022,Agent_022,TEAM3,2026-01-15T07:25:00,2026-01-15T07:32:07,427,DUPLICATE,Administrative,phone,Diagnostics,transferred,2,False
TKT0000474,AGT023,Agent_023,TEAM4,2026-03-23T17:05:00,2026-03-23T17:19:10,850,RES_NO_FU,Resolved - No Follow-Up,phone,Navigation,transferred,1,False
TKT0000475,AGT007,Agent_007,TEAM4,2025-12-23T09:37:00,2025-12-23T09:41:40,280,ESCALATED_SUP,Escalated,chat,Navigation,resolved,0,False
TKT0000476,AGT001,Agent_001,TEAM2,2026-01-03T20:27:00,2026-01-03T20:45:01,1081,CLOSED_AUTO,Resolved - No Follow-Up,chat,Navigation,resolved,0,False
TKT0000477,AGT008,Agent_008,TEAM1,2025-12-26T18:51:00,2025-12-26T18:55:55,295,ESCALATED_T2,Escalated,phone,Emergency Services,resolved,0,False
TKT0000478,AGT029,Agent_029,TEAM2,2026-01-07T17:43:00,2026-01-07T18:01:35,1115,DUPLICATE,Administrative,phone,Navigation,transferred,1,False
TKT0000479,AGT017,Agent_017,TEAM2,2025-12-06T16:41:00,2025-12-06T16:46:00,300,TRANSFERRED_EXT,Transferred,phone,Diagnostics,resolved,0,False
TKT0000480,AGT007,Agent_007,TEAM4,2026-01-11T21:26:00,2026-01-11T21:31:31,331,DUPLICATE,Administrative,chat,Connectivity,resolved,0,False
TKT0000481,AGT003,Agent_003,TEAM4,2026-01-08T19:07:00,2026-01-08T19:10:19,199,RES_CUST_VERIFIED,Resolved - Customer Confirmed,chat,Emergency Services,resolved,0,False
TKT0000482,AGT014,Agent_014,TEAM3,2026-01-08T10:17:00,2026-01-08T10:20:55,235,CLOSED_AUTO,Resolved - No Follow-Up,phone,Remote Services,resolved,0,False
TKT0000483,AGT020,Agent_020,TEAM1,2026-05-08T11:49:00,2026-05-08T11:55:33,393,TRANSFERRED_EXT,Transferred,phone,Diagnostics,unresolved,0,False
TKT0000484,AGT029,Agent_029,TEAM2,2026-03-14T11:41:00,2026-03-14T11:48:55,475,SOLVED_SILENT,Resolved - No Follow-Up,phone,Billing,resolved,0,False
TKT0000485,AGT013,Agent_013,TEAM2,2026-02-03T14:40:00,2026-02-03T14:53:23,803,RES_CUST_VERIFIED,Resolved - Customer Confirmed,app,Navigation,transferred,2,False
TKT0000486,AGT017,Agent_017,TEAM2,2026-03-06T21:20:00,2026-03-06T21:25:47,347,RES_CONF,Resolved - Customer Confirmed,app,Billing,resolved,0,False
TKT0000487,AGT012,Agent_012,TEAM1,2026-05-27T09:48:00,2026-05-27T09:51:03,183,TRANSFERRED_DEPT,Transferred,chat,Navigation,transferred,3,False
TKT0000488,AGT001,Agent_001,TEAM2,2025-12-21T07:16:00,2025-12-21T07:24:47,527,TRANSFERRED_EXT,Transferred,phone,Billing,resolved,0,False
TKT0000489,AGT017,Agent_017,TEAM2,2026-05-13T18:32:00,2026-05-13T18:39:33,453,SOLVED_SILENT,Resolved - No Follow-Up,chat,Diagnostics,escalated,0,True
TKT0000490,AGT013,Agent_013,TEAM2,2026-05-16T15:34:00,2026-05-16T15:43:29,569,RES_CUST_VERIFIED,Resolved - Customer Confirmed,phone,Navigation,resolved,0,False
TKT0000491,AGT010,Agent_010,TEAM3,2026-04-13T21:13:00,2026-04-13T21:17:18,258,RES_CUST_VERIFIED,Resolved - Customer Confirmed,phone,Remote Services,abandoned,0,False
TKT0000492,AGT011,Agent_011,TEAM4,2026-05-03T17:48:00,2026-05-03T17:52:38,278,ESCALATED_T2,Escalated,phone,Emergency Services,escalated,0,True
TKT0000493,AGT023,Agent_023,TEAM4,2026-02-03T07:15:00,2026-02-03T07:19:18,258,ESCALATED_T2,Escalated,chat,Navigation,resolved,0,False
TKT0000494,AGT015,Agent_015,TEAM4,2026-05-08T07:19:00,2026-05-08T07:34:27,927,TRANSFERRED_EXT,Transferred,phone,Navigation,transferred,2,False
TKT0000495,AGT001,Agent_001,TEAM2,2026-06-01T07:10:00,2026-06-01T07:28:10,1090,SOLVED_FIRST,Resolved - Customer Confirmed,phone,Remote Services,resolved,0,False
TKT0000496,AGT017,Agent_017,TEAM2,2026-01-15T12:08:00,2026-01-15T12:12:30,270,SOLVED_SILENT,Resolved - No Follow-Up,phone,Diagnostics,resolved,0,False
TKT0000497,AGT029,Agent_029,TEAM2,2026-02-27T19:27:00,2026-02-27T19:31:34,274,RES_NO_FU,Resolved - No Follow-Up,phone,Emergency Services,resolved,0,False
TKT0000498,AGT023,Agent_023,TEAM4,2026-05-13T08:31:00,2026-05-13T08:41:28,628,TRANSFERRED_EXT,Transferred,phone,Navigation,resolved,0,False
TKT0000499,AGT016,Agent_016,TEAM1,2026-01-15T12:10:00,2026-01-15T12:29:51,1191,TRANSFERRED_EXT,Transferred,phone,Remote Services,resolved,0,False
TKT0000500,AGT022,Agent_022,TEAM3,2026-01-31T18:32:00,2026-01-31T18:55:38,1418,RES_CUST_VERIFIED,Resolved - Customer Confirmed,phone,Navigation,transferred,1,False
